Zone,Hospital,Type,Date,Measure Name,Actual,CTAS
Central,Cobequid Community Health Centre,,2021-04-01,ED Offload Interval,4660.5575,
Central,Cobequid Community Health Centre,,2021-05-01,ED Offload Interval,4291.598,
Central,Cobequid Community Health Centre,,2021-06-01,ED Offload Interval,4364.1075,
Central,Cobequid Community Health Centre,,2021-07-01,ED Offload Interval,6366.6875,
Central,Cobequid Community Health Centre,,2021-08-01,ED Offload Interval,6951.866,
Central,Cobequid Community Health Centre,,2021-09-01,ED Offload Interval,7710.56,
Central,Cobequid Community Health Centre,,2021-10-01,ED Offload Interval,6944.888,
Central,Cobequid Community Health Centre,,2021-11-01,ED Offload Interval,5800.405,
Central,Cobequid Community Health Centre,,2021-12-01,ED Offload Interval,6086.9125,
Central,Cobequid Community Health Centre,,2022-01-01,ED Offload Interval,6017.996,
Central,Cobequid Community Health Centre,,2022-02-01,ED Offload Interval,7031.4675,
Central,Cobequid Community Health Centre,,2022-03-01,ED Offload Interval,7534.34,
Central,Cobequid Community Health Centre,,2022-04-01,ED Offload Interval,7134.5325,
Central,Cobequid Community Health Centre,,2022-05-01,ED Offload Interval,8244.88,
Central,Cobequid Community Health Centre,,2022-06-01,ED Offload Interval,7880.5375,
Central,Cobequid Community Health Centre,,2022-07-01,ED Offload Interval,6643.588,
Central,Cobequid Community Health Centre,,2022-08-01,ED Offload Interval,9287.3875,
Central,Cobequid Community Health Centre,,2022-09-01,ED Offload Interval,9010.8875,
Central,Cobequid Community Health Centre,,2022-10-01,ED Offload Interval,8319.404,
Central,Cobequid Community Health Centre,,2022-11-01,ED Offload Interval,8863.635,
Central,Cobequid Community Health Centre,,2022-12-01,ED Offload Interval,9421.9425,
Central,Cobequid Community Health Centre,,2023-01-01,ED Offload Interval,8213.938,
Central,Cobequid Community Health Centre,,2023-02-01,ED Offload Interval,7911.755,
Central,Cobequid Community Health Centre,,2023-03-01,ED Offload Interval,7176.17,
Central,Cobequid Community Health Centre,,2023-04-01,ED Offload Interval,7499.372,
Central,Cobequid Community Health Centre,,2023-05-01,ED Offload Interval,7437.645,
Central,Cobequid Community Health Centre,,2023-06-01,ED Offload Interval,7653.3375,
Central,Cobequid Community Health Centre,,2023-07-01,ED Offload Interval,7823.632,
Central,Cobequid Community Health Centre,,2023-08-01,ED Offload Interval,8972.8525,
Central,Cobequid Community Health Centre,,2023-09-01,ED Offload Interval,9864.755,
Central,Cobequid Community Health Centre,,2023-10-01,ED Offload Interval,8261.224,
Central,Cobequid Community Health Centre,,2023-11-01,ED Offload Interval,7826.1775,
Central,Cobequid Community Health Centre,,2023-12-01,ED Offload Interval,7149.35,
Central,Cobequid Community Health Centre,,2023-12-01,ED Offload Interval,9202.2325,
Central,Dartmouth General Hospital,,2021-04-01,ED Offload Interval,9240.77,
Central,Dartmouth General Hospital,,2021-05-01,ED Offload Interval,9623.486,
Central,Dartmouth General Hospital,,2021-06-01,ED Offload Interval,9827.915,
Central,Dartmouth General Hospital,,2021-07-01,ED Offload Interval,11341.3625,
Central,Dartmouth General Hospital,,2021-08-01,ED Offload Interval,15302.398,
Central,Dartmouth General Hospital,,2021-09-01,ED Offload Interval,16805.8675,
Central,Dartmouth General Hospital,,2021-10-01,ED Offload Interval,17075.034,
Central,Dartmouth General Hospital,,2021-11-01,ED Offload Interval,15976.905,
Central,Dartmouth General Hospital,,2021-12-01,ED Offload Interval,17264.37,
Central,Dartmouth General Hospital,,2022-01-01,ED Offload Interval,18261.886,
Central,Dartmouth General Hospital,,2022-02-01,ED Offload Interval,19154.01,
Central,Dartmouth General Hospital,,2022-03-01,ED Offload Interval,19373.3375,
Central,Dartmouth General Hospital,,2022-04-01,ED Offload Interval,23459.5,
Central,Dartmouth General Hospital,,2022-05-01,ED Offload Interval,14034.686,
Central,Dartmouth General Hospital,,2022-06-01,ED Offload Interval,16558.2225,
Central,Dartmouth General Hospital,,2022-07-01,ED Offload Interval,21482.674,
Central,Dartmouth General Hospital,,2022-08-01,ED Offload Interval,23089.2975,
Central,Dartmouth General Hospital,,2022-09-01,ED Offload Interval,22405.8275,
Central,Dartmouth General Hospital,,2022-10-01,ED Offload Interval,17631.174,
Central,Dartmouth General Hospital,,2022-11-01,ED Offload Interval,25993.5825,
Central,Dartmouth General Hospital,,2022-12-01,ED Offload Interval,25365.8575,
Central,Dartmouth General Hospital,,2023-01-01,ED Offload Interval,17484.04,
Central,Dartmouth General Hospital,,2023-02-01,ED Offload Interval,17530.3775,
Central,Dartmouth General Hospital,,2023-03-01,ED Offload Interval,13656.205,
Central,Dartmouth General Hospital,,2023-04-01,ED Offload Interval,14205.2,
Central,Dartmouth General Hospital,,2023-05-01,ED Offload Interval,14468.485,
Central,Dartmouth General Hospital,,2023-06-01,ED Offload Interval,14801.9025,
Central,Dartmouth General Hospital,,2023-07-01,ED Offload Interval,17209.092,
Central,Dartmouth General Hospital,,2023-08-01,ED Offload Interval,20715.3625,
Central,Dartmouth General Hospital,,2023-09-01,ED Offload Interval,20511.8825,
Central,Dartmouth General Hospital,,2023-10-01,ED Offload Interval,19512.716,
Central,Dartmouth General Hospital,,2023-11-01,ED Offload Interval,17970.455,
Central,Dartmouth General Hospital,,2023-12-01,ED Offload Interval,24376.68,
Central,Dartmouth General Hospital,,2023-12-01,ED Offload Interval,28399.69,
Central,Eastern Shore Memorial Hospital,,2021-04-01,ED Offload Interval,186.68,
Central,Eastern Shore Memorial Hospital,,2021-05-01,ED Offload Interval,34.975,
Central,Eastern Shore Memorial Hospital,,2021-06-01,ED Offload Interval,53.94666667,
Central,Eastern Shore Memorial Hospital,,2021-07-01,ED Offload Interval,44.84666667,
Central,Eastern Shore Memorial Hospital,,2021-08-01,ED Offload Interval,75.275,
Central,Eastern Shore Memorial Hospital,,2021-09-01,ED Offload Interval,38.16666667,
Central,Eastern Shore Memorial Hospital,,2021-10-01,ED Offload Interval,43.225,
Central,Eastern Shore Memorial Hospital,,2021-11-01,ED Offload Interval,60.0125,
Central,Eastern Shore Memorial Hospital,,2021-12-01,ED Offload Interval,32.99,
Central,Eastern Shore Memorial Hospital,,2022-01-01,ED Offload Interval,28.555,
Central,Eastern Shore Memorial Hospital,,2022-02-01,ED Offload Interval,34.505,
Central,Eastern Shore Memorial Hospital,,2022-03-01,ED Offload Interval,57,
Central,Eastern Shore Memorial Hospital,,2022-04-01,ED Offload Interval,45.77,
Central,Eastern Shore Memorial Hospital,,2022-05-01,ED Offload Interval,43.492,
Central,Eastern Shore Memorial Hospital,,2022-06-01,ED Offload Interval,120.07,
Central,Eastern Shore Memorial Hospital,,2022-07-01,ED Offload Interval,20.14333333,
Central,Eastern Shore Memorial Hospital,,2022-08-01,ED Offload Interval,40.64,
Central,Eastern Shore Memorial Hospital,,2022-09-01,ED Offload Interval,36.1,
Central,Eastern Shore Memorial Hospital,,2022-10-01,ED Offload Interval,34.51,
Central,Eastern Shore Memorial Hospital,,2022-11-01,ED Offload Interval,11.645,
Central,Eastern Shore Memorial Hospital,,2022-12-01,ED Offload Interval,118.5333333,
Central,Eastern Shore Memorial Hospital,,2023-11-01,ED Offload Interval,5.32,
Central,Eastern Shore Memorial Hospital,,2023-12-01,ED Offload Interval,12.58,
Central,Hants Community Hospital,,2021-04-01,ED Offload Interval,759.95,
Central,Hants Community Hospital,,2021-05-01,ED Offload Interval,964.784,
Central,Hants Community Hospital,,2021-06-01,ED Offload Interval,843.8025,
Central,Hants Community Hospital,,2021-07-01,ED Offload Interval,777.315,
Central,Hants Community Hospital,,2021-08-01,ED Offload Interval,687.304,
Central,Hants Community Hospital,,2021-09-01,ED Offload Interval,746.3,
Central,Hants Community Hospital,,2021-10-01,ED Offload Interval,735.264,
Central,Hants Community Hospital,,2021-11-01,ED Offload Interval,833.71,
Central,Hants Community Hospital,,2021-12-01,ED Offload Interval,743.4375,
Central,Hants Community Hospital,,2022-01-01,ED Offload Interval,778.298,
Central,Hants Community Hospital,,2022-02-01,ED Offload Interval,677.6475,
Central,Hants Community Hospital,,2022-03-01,ED Offload Interval,723.44,
Central,Hants Community Hospital,,2022-04-01,ED Offload Interval,889.7,
Central,Hants Community Hospital,,2022-05-01,ED Offload Interval,982.136,
Central,Hants Community Hospital,,2022-06-01,ED Offload Interval,759.16,
Central,Hants Community Hospital,,2022-07-01,ED Offload Interval,785.762,
Central,Hants Community Hospital,,2022-08-01,ED Offload Interval,511.015,
Central,Hants Community Hospital,,2022-09-01,ED Offload Interval,810.23,
Central,Hants Community Hospital,,2022-10-01,ED Offload Interval,982.748,
Central,Hants Community Hospital,,2022-11-01,ED Offload Interval,1355.325,
Central,Hants Community Hospital,,2022-12-01,ED Offload Interval,1425.715,
Central,Hants Community Hospital,,2023-01-01,ED Offload Interval,988.446,
Central,Hants Community Hospital,,2023-02-01,ED Offload Interval,1258.98,
Central,Hants Community Hospital,,2023-03-01,ED Offload Interval,590.86,
Central,Hants Community Hospital,,2023-04-01,ED Offload Interval,923.04,
Central,Hants Community Hospital,,2023-05-01,ED Offload Interval,793.78,
Central,Hants Community Hospital,,2023-06-01,ED Offload Interval,646.0025,
Central,Hants Community Hospital,,2023-07-01,ED Offload Interval,998.426,
Central,Hants Community Hospital,,2023-08-01,ED Offload Interval,642.275,
Central,Hants Community Hospital,,2023-09-01,ED Offload Interval,909.4675,
Central,Hants Community Hospital,,2023-10-01,ED Offload Interval,941.978,
Central,Hants Community Hospital,,2023-11-01,ED Offload Interval,1496.7725,
Central,Hants Community Hospital,,2023-12-01,ED Offload Interval,1697.8375,
Central,Hants Community Hospital,,2023-12-01,ED Offload Interval,2010.76,
Central,Musquodoboit Valley Memorial Hospital,,2021-04-01,ED Offload Interval,9.445,
Central,Musquodoboit Valley Memorial Hospital,,2021-07-01,ED Offload Interval,10.15,
Central,Musquodoboit Valley Memorial Hospital,,2021-09-01,ED Offload Interval,33.69,
Central,Musquodoboit Valley Memorial Hospital,,2021-10-01,ED Offload Interval,10.8,
Central,Musquodoboit Valley Memorial Hospital,,2022-01-01,ED Offload Interval,22.28,
Central,Musquodoboit Valley Memorial Hospital,,2022-02-01,ED Offload Interval,24.78,
Central,Musquodoboit Valley Memorial Hospital,,2022-05-01,ED Offload Interval,27.73,
Central,Musquodoboit Valley Memorial Hospital,,2022-06-01,ED Offload Interval,29.15,
Central,Musquodoboit Valley Memorial Hospital,,2022-07-01,ED Offload Interval,12.23,
Central,Musquodoboit Valley Memorial Hospital,,2022-08-01,ED Offload Interval,19.05,
Central,Musquodoboit Valley Memorial Hospital,,2022-11-01,ED Offload Interval,48.98,
Central,Musquodoboit Valley Memorial Hospital,,2023-04-01,ED Offload Interval,271.08,
Central,QEII - Halifax Infirmary Site,,2021-04-01,ED Offload Interval,28506.0375,
Central,QEII - Halifax Infirmary Site,,2021-05-01,ED Offload Interval,25583.196,
Central,QEII - Halifax Infirmary Site,,2021-06-01,ED Offload Interval,34784.82,
Central,QEII - Halifax Infirmary Site,,2021-07-01,ED Offload Interval,35317.9525,
Central,QEII - Halifax Infirmary Site,,2021-08-01,ED Offload Interval,38786.766,
Central,QEII - Halifax Infirmary Site,,2021-09-01,ED Offload Interval,38449.8325,
Central,QEII - Halifax Infirmary Site,,2021-10-01,ED Offload Interval,33227.272,
Central,QEII - Halifax Infirmary Site,,2021-11-01,ED Offload Interval,35349.935,
Central,QEII - Halifax Infirmary Site,,2021-12-01,ED Offload Interval,35400.7875,
Central,QEII - Halifax Infirmary Site,,2022-01-01,ED Offload Interval,39475.398,
Central,QEII - Halifax Infirmary Site,,2022-02-01,ED Offload Interval,40009.94,
Central,QEII - Halifax Infirmary Site,,2022-03-01,ED Offload Interval,38433.2075,
Central,QEII - Halifax Infirmary Site,,2022-04-01,ED Offload Interval,35281.81,
Central,QEII - Halifax Infirmary Site,,2022-05-01,ED Offload Interval,39978.098,
Central,QEII - Halifax Infirmary Site,,2022-06-01,ED Offload Interval,34735.6175,
Central,QEII - Halifax Infirmary Site,,2022-07-01,ED Offload Interval,41202.056,
Central,QEII - Halifax Infirmary Site,,2022-08-01,ED Offload Interval,42053.7125,
Central,QEII - Halifax Infirmary Site,,2022-09-01,ED Offload Interval,41860.0575,
Central,QEII - Halifax Infirmary Site,,2022-10-01,ED Offload Interval,45383.13,
Central,QEII - Halifax Infirmary Site,,2022-11-01,ED Offload Interval,42696.76,
Central,QEII - Halifax Infirmary Site,,2022-12-01,ED Offload Interval,44449.565,
Central,QEII - Halifax Infirmary Site,,2023-01-01,ED Offload Interval,40565.918,
Central,QEII - Halifax Infirmary Site,,2023-02-01,ED Offload Interval,41081.685,
Central,QEII - Halifax Infirmary Site,,2023-03-01,ED Offload Interval,39025.625,
Central,QEII - Halifax Infirmary Site,,2023-04-01,ED Offload Interval,35436.596,
Central,QEII - Halifax Infirmary Site,,2023-05-01,ED Offload Interval,38351.7825,
Central,QEII - Halifax Infirmary Site,,2023-06-01,ED Offload Interval,33680.4075,
Central,QEII - Halifax Infirmary Site,,2023-07-01,ED Offload Interval,37106.308,
Central,QEII - Halifax Infirmary Site,,2023-08-01,ED Offload Interval,41712.4675,
Central,QEII - Halifax Infirmary Site,,2023-09-01,ED Offload Interval,41518.335,
Central,QEII - Halifax Infirmary Site,,2023-10-01,ED Offload Interval,39888.472,
Central,QEII - Halifax Infirmary Site,,2023-11-01,ED Offload Interval,38459.33,
Central,QEII - Halifax Infirmary Site,,2023-12-01,ED Offload Interval,40353.97,
Central,QEII - Halifax Infirmary Site,,2023-12-01,ED Offload Interval,52613.96,
Central,Twin Oaks Memorial Hospital,,2021-04-01,ED Offload Interval,196.97,
Central,Twin Oaks Memorial Hospital,,2021-05-01,ED Offload Interval,228.596,
Central,Twin Oaks Memorial Hospital,,2021-06-01,ED Offload Interval,171.9825,
Central,Twin Oaks Memorial Hospital,,2021-07-01,ED Offload Interval,182.0825,
Central,Twin Oaks Memorial Hospital,,2021-08-01,ED Offload Interval,77.322,
Central,Twin Oaks Memorial Hospital,,2021-09-01,ED Offload Interval,113.4125,
Central,Twin Oaks Memorial Hospital,,2021-10-01,ED Offload Interval,106.18,
Central,Twin Oaks Memorial Hospital,,2021-11-01,ED Offload Interval,94.63,
Central,Twin Oaks Memorial Hospital,,2021-12-01,ED Offload Interval,115.3325,
Central,Twin Oaks Memorial Hospital,,2022-01-01,ED Offload Interval,187.734,
Central,Twin Oaks Memorial Hospital,,2022-02-01,ED Offload Interval,185.5075,
Central,Twin Oaks Memorial Hospital,,2022-03-01,ED Offload Interval,76.01333333,
Central,Twin Oaks Memorial Hospital,,2022-04-01,ED Offload Interval,165.57,
Central,Twin Oaks Memorial Hospital,,2022-05-01,ED Offload Interval,153.398,
Central,Twin Oaks Memorial Hospital,,2022-06-01,ED Offload Interval,184.165,
Central,Twin Oaks Memorial Hospital,,2022-07-01,ED Offload Interval,126.83,
Central,Twin Oaks Memorial Hospital,,2022-08-01,ED Offload Interval,112.72,
Central,Twin Oaks Memorial Hospital,,2022-09-01,ED Offload Interval,184.0925,
Central,Twin Oaks Memorial Hospital,,2022-10-01,ED Offload Interval,260.018,
Central,Twin Oaks Memorial Hospital,,2022-11-01,ED Offload Interval,238.725,
Central,Twin Oaks Memorial Hospital,,2022-12-01,ED Offload Interval,172.955,
Central,Twin Oaks Memorial Hospital,,2023-01-01,ED Offload Interval,222.316,
Central,Twin Oaks Memorial Hospital,,2023-02-01,ED Offload Interval,140.765,
Central,Twin Oaks Memorial Hospital,,2023-03-01,ED Offload Interval,103.5425,
Central,Twin Oaks Memorial Hospital,,2023-04-01,ED Offload Interval,158.0275,
Central,Twin Oaks Memorial Hospital,,2023-05-01,ED Offload Interval,62.9325,
Central,Twin Oaks Memorial Hospital,,2023-06-01,ED Offload Interval,112.0525,
Central,Twin Oaks Memorial Hospital,,2023-07-01,ED Offload Interval,143.06,
Central,Twin Oaks Memorial Hospital,,2023-08-01,ED Offload Interval,166.905,
Central,Twin Oaks Memorial Hospital,,2023-09-01,ED Offload Interval,146.38,
Central,Twin Oaks Memorial Hospital,,2023-10-01,ED Offload Interval,219.874,
Central,Twin Oaks Memorial Hospital,,2023-11-01,ED Offload Interval,112.8375,
Central,Twin Oaks Memorial Hospital,,2023-12-01,ED Offload Interval,191.6675,
Central,Twin Oaks Memorial Hospital,,2023-12-01,ED Offload Interval,308.73,
Eastern,Buchanan Memorial Community Health Centre,,2021-04-01,ED Offload Interval,25.2925,
Eastern,Buchanan Memorial Community Health Centre,,2021-05-01,ED Offload Interval,37.785,
Eastern,Buchanan Memorial Community Health Centre,,2021-06-01,ED Offload Interval,17.08666667,
Eastern,Buchanan Memorial Community Health Centre,,2021-07-01,ED Offload Interval,16.04,
Eastern,Buchanan Memorial Community Health Centre,,2021-08-01,ED Offload Interval,53.888,
Eastern,Buchanan Memorial Community Health Centre,,2021-09-01,ED Offload Interval,29.6475,
Eastern,Buchanan Memorial Community Health Centre,,2021-10-01,ED Offload Interval,39.74,
Eastern,Buchanan Memorial Community Health Centre,,2021-11-01,ED Offload Interval,19.16,
Eastern,Buchanan Memorial Community Health Centre,,2021-12-01,ED Offload Interval,35.32,
Eastern,Buchanan Memorial Community Health Centre,,2022-01-01,ED Offload Interval,18.465,
Eastern,Buchanan Memorial Community Health Centre,,2022-02-01,ED Offload Interval,75.47666667,
Eastern,Buchanan Memorial Community Health Centre,,2022-03-01,ED Offload Interval,62.0075,
Eastern,Buchanan Memorial Community Health Centre,,2022-04-01,ED Offload Interval,36.81666667,
Eastern,Buchanan Memorial Community Health Centre,,2022-05-01,ED Offload Interval,38.9525,
Eastern,Buchanan Memorial Community Health Centre,,2022-06-01,ED Offload Interval,22.1975,
Eastern,Buchanan Memorial Community Health Centre,,2022-07-01,ED Offload Interval,37.546,
Eastern,Buchanan Memorial Community Health Centre,,2022-08-01,ED Offload Interval,60.11,
Eastern,Buchanan Memorial Community Health Centre,,2022-09-01,ED Offload Interval,43.0375,
Eastern,Buchanan Memorial Community Health Centre,,2022-10-01,ED Offload Interval,55.616,
Eastern,Buchanan Memorial Community Health Centre,,2022-11-01,ED Offload Interval,27.55,
Eastern,Buchanan Memorial Community Health Centre,,2022-12-01,ED Offload Interval,63.36666667,
Eastern,Buchanan Memorial Community Health Centre,,2023-01-01,ED Offload Interval,20.675,
Eastern,Buchanan Memorial Community Health Centre,,2023-02-01,ED Offload Interval,49.29,
Eastern,Buchanan Memorial Community Health Centre,,2023-03-01,ED Offload Interval,79.8525,
Eastern,Buchanan Memorial Community Health Centre,,2023-04-01,ED Offload Interval,37.4675,
Eastern,Buchanan Memorial Community Health Centre,,2023-05-01,ED Offload Interval,30.51333333,
Eastern,Buchanan Memorial Community Health Centre,,2023-06-01,ED Offload Interval,85.16,
Eastern,Buchanan Memorial Community Health Centre,,2023-07-01,ED Offload Interval,43.7875,
Eastern,Buchanan Memorial Community Health Centre,,2023-08-01,ED Offload Interval,64.4975,
Eastern,Buchanan Memorial Community Health Centre,,2023-09-01,ED Offload Interval,23.1325,
Eastern,Buchanan Memorial Community Health Centre,,2023-10-01,ED Offload Interval,34.2,
Eastern,Buchanan Memorial Community Health Centre,,2023-11-01,ED Offload Interval,20.9075,
Eastern,Buchanan Memorial Community Health Centre,,2023-12-01,ED Offload Interval,28.8975,
Eastern,Buchanan Memorial Community Health Centre,,2023-12-01,ED Offload Interval,55.93,
Eastern,Cape Breton Regional Hospital,,2021-04-01,ED Offload Interval,6574.5025,
Eastern,Cape Breton Regional Hospital,,2021-05-01,ED Offload Interval,7015.554,
Eastern,Cape Breton Regional Hospital,,2021-06-01,ED Offload Interval,7693.7025,
Eastern,Cape Breton Regional Hospital,,2021-07-01,ED Offload Interval,8670.4975,
Eastern,Cape Breton Regional Hospital,,2021-08-01,ED Offload Interval,10094.242,
Eastern,Cape Breton Regional Hospital,,2021-09-01,ED Offload Interval,10564.68,
Eastern,Cape Breton Regional Hospital,,2021-10-01,ED Offload Interval,10908.728,
Eastern,Cape Breton Regional Hospital,,2021-11-01,ED Offload Interval,9660.1775,
Eastern,Cape Breton Regional Hospital,,2021-12-01,ED Offload Interval,13859.16,
Eastern,Cape Breton Regional Hospital,,2022-01-01,ED Offload Interval,11323.282,
Eastern,Cape Breton Regional Hospital,,2022-02-01,ED Offload Interval,13815.6625,
Eastern,Cape Breton Regional Hospital,,2022-03-01,ED Offload Interval,15375.5325,
Eastern,Cape Breton Regional Hospital,,2022-04-01,ED Offload Interval,16329.65,
Eastern,Cape Breton Regional Hospital,,2022-05-01,ED Offload Interval,21106.016,
Eastern,Cape Breton Regional Hospital,,2022-06-01,ED Offload Interval,20988.6325,
Eastern,Cape Breton Regional Hospital,,2022-07-01,ED Offload Interval,20649.186,
Eastern,Cape Breton Regional Hospital,,2022-08-01,ED Offload Interval,24181.1775,
Eastern,Cape Breton Regional Hospital,,2022-09-01,ED Offload Interval,26090.8525,
Eastern,Cape Breton Regional Hospital,,2022-10-01,ED Offload Interval,21298.306,
Eastern,Cape Breton Regional Hospital,,2022-11-01,ED Offload Interval,22891.6425,
Eastern,Cape Breton Regional Hospital,,2022-12-01,ED Offload Interval,23578.29,
Eastern,Cape Breton Regional Hospital,,2023-01-01,ED Offload Interval,22181.418,
Eastern,Cape Breton Regional Hospital,,2023-02-01,ED Offload Interval,23464.775,
Eastern,Cape Breton Regional Hospital,,2023-03-01,ED Offload Interval,21937.3825,
Eastern,Cape Breton Regional Hospital,,2023-04-01,ED Offload Interval,23355.872,
Eastern,Cape Breton Regional Hospital,,2023-05-01,ED Offload Interval,19353.7525,
Eastern,Cape Breton Regional Hospital,,2023-06-01,ED Offload Interval,25049.4175,
Eastern,Cape Breton Regional Hospital,,2023-07-01,ED Offload Interval,20235.742,
Eastern,Cape Breton Regional Hospital,,2023-08-01,ED Offload Interval,26366.665,
Eastern,Cape Breton Regional Hospital,,2023-09-01,ED Offload Interval,30063.3975,
Eastern,Cape Breton Regional Hospital,,2023-10-01,ED Offload Interval,32242.748,
Eastern,Cape Breton Regional Hospital,,2023-11-01,ED Offload Interval,30180.0425,
Eastern,Cape Breton Regional Hospital,,2023-12-01,ED Offload Interval,33309.7,
Eastern,Cape Breton Regional Hospital,,2023-12-01,ED Offload Interval,24372.0025,
Eastern,Eastern Memorial Hospital,,2021-04-01,ED Offload Interval,10.87666667,
Eastern,Eastern Memorial Hospital,,2021-05-01,ED Offload Interval,39.74333333,
Eastern,Eastern Memorial Hospital,,2021-06-01,ED Offload Interval,18.05,
Eastern,Eastern Memorial Hospital,,2021-07-01,ED Offload Interval,12.35,
Eastern,Eastern Memorial Hospital,,2021-08-01,ED Offload Interval,19.235,
Eastern,Eastern Memorial Hospital,,2021-09-01,ED Offload Interval,32.965,
Eastern,Eastern Memorial Hospital,,2021-10-01,ED Offload Interval,18.92333333,
Eastern,Eastern Memorial Hospital,,2021-11-01,ED Offload Interval,27.21666667,
Eastern,Eastern Memorial Hospital,,2021-12-01,ED Offload Interval,18,
Eastern,Eastern Memorial Hospital,,2022-01-01,ED Offload Interval,32.524,
Eastern,Eastern Memorial Hospital,,2022-02-01,ED Offload Interval,13.845,
Eastern,Eastern Memorial Hospital,,2022-03-01,ED Offload Interval,22.35,
Eastern,Eastern Memorial Hospital,,2022-04-01,ED Offload Interval,59.41666667,
Eastern,Eastern Memorial Hospital,,2022-05-01,ED Offload Interval,35.3525,
Eastern,Eastern Memorial Hospital,,2022-06-01,ED Offload Interval,35.01333333,
Eastern,Eastern Memorial Hospital,,2022-07-01,ED Offload Interval,29.34,
Eastern,Eastern Memorial Hospital,,2022-08-01,ED Offload Interval,66.90333333,
Eastern,Eastern Memorial Hospital,,2022-09-01,ED Offload Interval,24.9,
Eastern,Eastern Memorial Hospital,,2022-10-01,ED Offload Interval,28.23333333,
Eastern,Eastern Memorial Hospital,,2022-11-01,ED Offload Interval,36,
Eastern,Eastern Memorial Hospital,,2022-12-01,ED Offload Interval,24.565,
Eastern,Eastern Memorial Hospital,,2023-01-01,ED Offload Interval,21.9425,
Eastern,Eastern Memorial Hospital,,2023-02-01,ED Offload Interval,59.095,
Eastern,Eastern Memorial Hospital,,2023-03-01,ED Offload Interval,15.13333333,
Eastern,Eastern Memorial Hospital,,2023-04-01,ED Offload Interval,38.86666667,
Eastern,Eastern Memorial Hospital,,2023-05-01,ED Offload Interval,39.98,
Eastern,Eastern Memorial Hospital,,2023-06-01,ED Offload Interval,27.55,
Eastern,Eastern Memorial Hospital,,2023-07-01,ED Offload Interval,27.94,
Eastern,Eastern Memorial Hospital,,2023-08-01,ED Offload Interval,31.39,
Eastern,Eastern Memorial Hospital,,2023-09-01,ED Offload Interval,20.07,
Eastern,Eastern Memorial Hospital,,2023-10-01,ED Offload Interval,47.57,
Eastern,Eastern Memorial Hospital,,2023-11-01,ED Offload Interval,93.91,
Eastern,Eastern Memorial Hospital,,2023-12-01,ED Offload Interval,50.09333333,
Eastern,Glace Bay Hospital,,2021-04-01,ED Offload Interval,246.635,
Eastern,Glace Bay Hospital,,2021-05-01,ED Offload Interval,186.036,
Eastern,Glace Bay Hospital,,2021-06-01,ED Offload Interval,316.9125,
Eastern,Glace Bay Hospital,,2021-07-01,ED Offload Interval,256.105,
Eastern,Glace Bay Hospital,,2021-10-01,ED Offload Interval,22.03,
Eastern,Glace Bay Hospital,,2022-03-01,ED Offload Interval,143.48,
Eastern,Glace Bay Hospital,,2022-10-01,ED Offload Interval,121.592,
Eastern,Glace Bay Hospital,,2022-11-01,ED Offload Interval,230.3725,
Eastern,Glace Bay Hospital,,2022-12-01,ED Offload Interval,93.4825,
Eastern,Glace Bay Hospital,,2023-01-01,ED Offload Interval,92.726,
Eastern,Glace Bay Hospital,,2023-02-01,ED Offload Interval,68.3275,
Eastern,Glace Bay Hospital,,2023-03-01,ED Offload Interval,81.3325,
Eastern,Glace Bay Hospital,,2023-04-01,ED Offload Interval,86.026,
Eastern,Glace Bay Hospital,,2023-05-01,ED Offload Interval,64.995,
Eastern,Glace Bay Hospital,,2023-06-01,ED Offload Interval,83.1025,
Eastern,Glace Bay Hospital,,2023-07-01,ED Offload Interval,82.035,
Eastern,Glace Bay Hospital,,2023-08-01,ED Offload Interval,34.02,
Eastern,Glace Bay Hospital,,2023-09-01,ED Offload Interval,170.0325,
Eastern,Glace Bay Hospital,,2023-10-01,ED Offload Interval,70.53,
Eastern,Glace Bay Hospital,,2023-11-01,ED Offload Interval,118.885,
Eastern,Glace Bay Hospital,,2023-12-01,ED Offload Interval,128.3025,
Eastern,Glace Bay Hospital,,2023-12-01,ED Offload Interval,114.69,
Eastern,Guysborough Memorial Hospital,,2021-04-01,ED Offload Interval,21.0675,
Eastern,Guysborough Memorial Hospital,,2021-05-01,ED Offload Interval,28.318,
Eastern,Guysborough Memorial Hospital,,2021-06-01,ED Offload Interval,27.19,
Eastern,Guysborough Memorial Hospital,,2021-07-01,ED Offload Interval,25.34,
Eastern,Guysborough Memorial Hospital,,2021-08-01,ED Offload Interval,49.94,
Eastern,Guysborough Memorial Hospital,,2021-09-01,ED Offload Interval,46.73333333,
Eastern,Guysborough Memorial Hospital,,2021-10-01,ED Offload Interval,19.876,
Eastern,Guysborough Memorial Hospital,,2021-11-01,ED Offload Interval,34.2,
Eastern,Guysborough Memorial Hospital,,2021-12-01,ED Offload Interval,19.96666667,
Eastern,Guysborough Memorial Hospital,,2022-01-01,ED Offload Interval,43.675,
Eastern,Guysborough Memorial Hospital,,2022-02-01,ED Offload Interval,27.05666667,
Eastern,Guysborough Memorial Hospital,,2022-03-01,ED Offload Interval,71.425,
Eastern,Guysborough Memorial Hospital,,2022-04-01,ED Offload Interval,98.93,
Eastern,Guysborough Memorial Hospital,,2022-05-01,ED Offload Interval,53.11,
Eastern,Guysborough Memorial Hospital,,2022-06-01,ED Offload Interval,81.615,
Eastern,Guysborough Memorial Hospital,,2022-07-01,ED Offload Interval,65.776,
Eastern,Guysborough Memorial Hospital,,2022-08-01,ED Offload Interval,23.525,
Eastern,Guysborough Memorial Hospital,,2022-09-01,ED Offload Interval,39.015,
Eastern,Guysborough Memorial Hospital,,2022-10-01,ED Offload Interval,61.984,
Eastern,Guysborough Memorial Hospital,,2022-11-01,ED Offload Interval,24.89,
Eastern,Guysborough Memorial Hospital,,2022-12-01,ED Offload Interval,60.33,
Eastern,Guysborough Memorial Hospital,,2023-01-01,ED Offload Interval,47.9775,
Eastern,Guysborough Memorial Hospital,,2023-02-01,ED Offload Interval,65.705,
Eastern,Guysborough Memorial Hospital,,2023-03-01,ED Offload Interval,45.69,
Eastern,Guysborough Memorial Hospital,,2023-04-01,ED Offload Interval,34.875,
Eastern,Guysborough Memorial Hospital,,2023-05-01,ED Offload Interval,50.04,
Eastern,Guysborough Memorial Hospital,,2023-06-01,ED Offload Interval,46.18333333,
Eastern,Guysborough Memorial Hospital,,2023-07-01,ED Offload Interval,50.096,
Eastern,Guysborough Memorial Hospital,,2023-08-01,ED Offload Interval,30.045,
Eastern,Guysborough Memorial Hospital,,2023-09-01,ED Offload Interval,26.4825,
Eastern,Guysborough Memorial Hospital,,2023-10-01,ED Offload Interval,86.634,
Eastern,Guysborough Memorial Hospital,,2023-11-01,ED Offload Interval,39.0425,
Eastern,Guysborough Memorial Hospital,,2023-12-01,ED Offload Interval,48.31333333,
Eastern,Guysborough Memorial Hospital,,2023-12-01,ED Offload Interval,78.2,
Eastern,Inverness Consolidated Memorial Hospital,,2021-04-01,ED Offload Interval,135.2025,
Eastern,Inverness Consolidated Memorial Hospital,,2021-05-01,ED Offload Interval,160.606,
Eastern,Inverness Consolidated Memorial Hospital,,2021-06-01,ED Offload Interval,143.5275,
Eastern,Inverness Consolidated Memorial Hospital,,2021-07-01,ED Offload Interval,152.99,
Eastern,Inverness Consolidated Memorial Hospital,,2021-08-01,ED Offload Interval,307.794,
Eastern,Inverness Consolidated Memorial Hospital,,2021-09-01,ED Offload Interval,161.845,
Eastern,Inverness Consolidated Memorial Hospital,,2021-10-01,ED Offload Interval,288.414,
Eastern,Inverness Consolidated Memorial Hospital,,2021-11-01,ED Offload Interval,98.03,
Eastern,Inverness Consolidated Memorial Hospital,,2021-12-01,ED Offload Interval,195.56,
Eastern,Inverness Consolidated Memorial Hospital,,2022-01-01,ED Offload Interval,226.334,
Eastern,Inverness Consolidated Memorial Hospital,,2022-02-01,ED Offload Interval,138.77,
Eastern,Inverness Consolidated Memorial Hospital,,2022-03-01,ED Offload Interval,189.2275,
Eastern,Inverness Consolidated Memorial Hospital,,2022-04-01,ED Offload Interval,182.205,
Eastern,Inverness Consolidated Memorial Hospital,,2022-05-01,ED Offload Interval,214.49,
Eastern,Inverness Consolidated Memorial Hospital,,2022-06-01,ED Offload Interval,234.0675,
Eastern,Inverness Consolidated Memorial Hospital,,2022-07-01,ED Offload Interval,466.566,
Eastern,Inverness Consolidated Memorial Hospital,,2022-08-01,ED Offload Interval,367.4725,
Eastern,Inverness Consolidated Memorial Hospital,,2022-09-01,ED Offload Interval,306.7675,
Eastern,Inverness Consolidated Memorial Hospital,,2022-10-01,ED Offload Interval,322.488,
Eastern,Inverness Consolidated Memorial Hospital,,2022-11-01,ED Offload Interval,268.745,
Eastern,Inverness Consolidated Memorial Hospital,,2022-12-01,ED Offload Interval,292.4025,
Eastern,Inverness Consolidated Memorial Hospital,,2023-01-01,ED Offload Interval,332.044,
Eastern,Inverness Consolidated Memorial Hospital,,2023-02-01,ED Offload Interval,342.1275,
Eastern,Inverness Consolidated Memorial Hospital,,2023-03-01,ED Offload Interval,327.385,
Eastern,Inverness Consolidated Memorial Hospital,,2023-04-01,ED Offload Interval,307.6,
Eastern,Inverness Consolidated Memorial Hospital,,2023-05-01,ED Offload Interval,321.46,
Eastern,Inverness Consolidated Memorial Hospital,,2023-06-01,ED Offload Interval,308.435,
Eastern,Inverness Consolidated Memorial Hospital,,2023-07-01,ED Offload Interval,426.89,
Eastern,Inverness Consolidated Memorial Hospital,,2023-08-01,ED Offload Interval,380.385,
Eastern,Inverness Consolidated Memorial Hospital,,2023-09-01,ED Offload Interval,297.17,
Eastern,Inverness Consolidated Memorial Hospital,,2023-10-01,ED Offload Interval,283.072,
Eastern,Inverness Consolidated Memorial Hospital,,2023-11-01,ED Offload Interval,320.2975,
Eastern,Inverness Consolidated Memorial Hospital,,2023-12-01,ED Offload Interval,468.29,
Eastern,Inverness Consolidated Memorial Hospital,,2023-12-01,ED Offload Interval,342.0675,
Eastern,New Waterford Consolidated Hospital,,2023-06-01,ED Offload Interval,13.48,
Eastern,Northside General Hospital,,2021-08-01,ED Offload Interval,13.22,
Eastern,Northside General Hospital,,2023-11-01,ED Offload Interval,13.48,
Eastern,Sacred Heart Community Health Centre,,2021-04-01,ED Offload Interval,34.71,
Eastern,Sacred Heart Community Health Centre,,2021-05-01,ED Offload Interval,19.6625,
Eastern,Sacred Heart Community Health Centre,,2021-06-01,ED Offload Interval,24.985,
Eastern,Sacred Heart Community Health Centre,,2021-07-01,ED Offload Interval,30.59,
Eastern,Sacred Heart Community Health Centre,,2021-08-01,ED Offload Interval,56.172,
Eastern,Sacred Heart Community Health Centre,,2021-09-01,ED Offload Interval,26.085,
Eastern,Sacred Heart Community Health Centre,,2021-10-01,ED Offload Interval,35.048,
Eastern,Sacred Heart Community Health Centre,,2021-11-01,ED Offload Interval,10.61,
Eastern,Sacred Heart Community Health Centre,,2021-12-01,ED Offload Interval,10.55666667,
Eastern,Sacred Heart Community Health Centre,,2022-01-01,ED Offload Interval,27.448,
Eastern,Sacred Heart Community Health Centre,,2022-02-01,ED Offload Interval,24.9325,
Eastern,Sacred Heart Community Health Centre,,2022-03-01,ED Offload Interval,27.8875,
Eastern,Sacred Heart Community Health Centre,,2022-04-01,ED Offload Interval,37.31,
Eastern,Sacred Heart Community Health Centre,,2022-05-01,ED Offload Interval,24.07,
Eastern,Sacred Heart Community Health Centre,,2022-06-01,ED Offload Interval,22.7225,
Eastern,Sacred Heart Community Health Centre,,2022-07-01,ED Offload Interval,33.266,
Eastern,Sacred Heart Community Health Centre,,2022-08-01,ED Offload Interval,35.28,
Eastern,Sacred Heart Community Health Centre,,2022-09-01,ED Offload Interval,34.2275,
Eastern,Sacred Heart Community Health Centre,,2022-10-01,ED Offload Interval,33.812,
Eastern,Sacred Heart Community Health Centre,,2022-11-01,ED Offload Interval,40.5175,
Eastern,Sacred Heart Community Health Centre,,2022-12-01,ED Offload Interval,36.36666667,
Eastern,Sacred Heart Community Health Centre,,2023-01-01,ED Offload Interval,27.6025,
Eastern,Sacred Heart Community Health Centre,,2023-02-01,ED Offload Interval,46.49333333,
Eastern,Sacred Heart Community Health Centre,,2023-03-01,ED Offload Interval,25.175,
Eastern,Sacred Heart Community Health Centre,,2023-04-01,ED Offload Interval,10.1225,
Eastern,Sacred Heart Community Health Centre,,2023-05-01,ED Offload Interval,44.325,
Eastern,Sacred Heart Community Health Centre,,2023-06-01,ED Offload Interval,38.69666667,
Eastern,Sacred Heart Community Health Centre,,2023-07-01,ED Offload Interval,55.98,
Eastern,Sacred Heart Community Health Centre,,2023-08-01,ED Offload Interval,72.3975,
Eastern,Sacred Heart Community Health Centre,,2023-09-01,ED Offload Interval,33.41666667,
Eastern,Sacred Heart Community Health Centre,,2023-10-01,ED Offload Interval,27.64,
Eastern,Sacred Heart Community Health Centre,,2023-11-01,ED Offload Interval,33.6425,
Eastern,Sacred Heart Community Health Centre,,2023-12-01,ED Offload Interval,38.4,
Eastern,Sacred Heart Community Health Centre,,2023-12-01,ED Offload Interval,50.2,
Eastern,St. Martha's Regional Hospital,,2021-04-01,ED Offload Interval,585.6125,
Eastern,St. Martha's Regional Hospital,,2021-05-01,ED Offload Interval,557.12,
Eastern,St. Martha's Regional Hospital,,2021-06-01,ED Offload Interval,510.6875,
Eastern,St. Martha's Regional Hospital,,2021-07-01,ED Offload Interval,1001.4425,
Eastern,St. Martha's Regional Hospital,,2021-08-01,ED Offload Interval,1163.344,
Eastern,St. Martha's Regional Hospital,,2021-09-01,ED Offload Interval,1138.01,
Eastern,St. Martha's Regional Hospital,,2021-10-01,ED Offload Interval,788.854,
Eastern,St. Martha's Regional Hospital,,2021-11-01,ED Offload Interval,810.0475,
Eastern,St. Martha's Regional Hospital,,2021-12-01,ED Offload Interval,1389.4875,
Eastern,St. Martha's Regional Hospital,,2022-01-01,ED Offload Interval,764.486,
Eastern,St. Martha's Regional Hospital,,2022-02-01,ED Offload Interval,1214.185,
Eastern,St. Martha's Regional Hospital,,2022-03-01,ED Offload Interval,1018.65,
Eastern,St. Martha's Regional Hospital,,2022-04-01,ED Offload Interval,1483.385,
Eastern,St. Martha's Regional Hospital,,2022-05-01,ED Offload Interval,1262.448,
Eastern,St. Martha's Regional Hospital,,2022-06-01,ED Offload Interval,1221.065,
Eastern,St. Martha's Regional Hospital,,2022-07-01,ED Offload Interval,1540.652,
Eastern,St. Martha's Regional Hospital,,2022-08-01,ED Offload Interval,1686.635,
Eastern,St. Martha's Regional Hospital,,2022-09-01,ED Offload Interval,1501.8825,
Eastern,St. Martha's Regional Hospital,,2022-10-01,ED Offload Interval,1853.866,
Eastern,St. Martha's Regional Hospital,,2022-11-01,ED Offload Interval,1266.365,
Eastern,St. Martha's Regional Hospital,,2022-12-01,ED Offload Interval,1608.2775,
Eastern,St. Martha's Regional Hospital,,2023-01-01,ED Offload Interval,1527.19,
Eastern,St. Martha's Regional Hospital,,2023-02-01,ED Offload Interval,1279.0075,
Eastern,St. Martha's Regional Hospital,,2023-03-01,ED Offload Interval,1360.9025,
Eastern,St. Martha's Regional Hospital,,2023-04-01,ED Offload Interval,1806.182,
Eastern,St. Martha's Regional Hospital,,2023-05-01,ED Offload Interval,1732.7975,
Eastern,St. Martha's Regional Hospital,,2023-06-01,ED Offload Interval,1356.93,
Eastern,St. Martha's Regional Hospital,,2023-07-01,ED Offload Interval,1122.432,
Eastern,St. Martha's Regional Hospital,,2023-08-01,ED Offload Interval,1775.415,
Eastern,St. Martha's Regional Hospital,,2023-09-01,ED Offload Interval,1578.505,
Eastern,St. Martha's Regional Hospital,,2023-10-01,ED Offload Interval,1942.294,
Eastern,St. Martha's Regional Hospital,,2023-11-01,ED Offload Interval,1895.5,
Eastern,St. Martha's Regional Hospital,,2023-12-01,ED Offload Interval,1341.0575,
Eastern,St. Martha's Regional Hospital,,2023-12-01,ED Offload Interval,2115.32,
Eastern,St. Mary's Memorial Hospital,,2021-04-01,ED Offload Interval,34.05,
Eastern,St. Mary's Memorial Hospital,,2021-05-01,ED Offload Interval,103.91,
Eastern,St. Mary's Memorial Hospital,,2021-06-01,ED Offload Interval,55.44,
Eastern,St. Mary's Memorial Hospital,,2021-07-01,ED Offload Interval,64.865,
Eastern,St. Mary's Memorial Hospital,,2021-08-01,ED Offload Interval,59.432,
Eastern,St. Mary's Memorial Hospital,,2021-09-01,ED Offload Interval,66,
Eastern,St. Mary's Memorial Hospital,,2021-10-01,ED Offload Interval,75.75,
Eastern,St. Mary's Memorial Hospital,,2021-11-01,ED Offload Interval,74.3925,
Eastern,St. Mary's Memorial Hospital,,2021-12-01,ED Offload Interval,72.14,
Eastern,St. Mary's Memorial Hospital,,2022-01-01,ED Offload Interval,40.04,
Eastern,St. Mary's Memorial Hospital,,2022-02-01,ED Offload Interval,69.2525,
Eastern,St. Mary's Memorial Hospital,,2022-03-01,ED Offload Interval,108.1133333,
Eastern,St. Mary's Memorial Hospital,,2022-04-01,ED Offload Interval,90.495,
Eastern,St. Mary's Memorial Hospital,,2022-05-01,ED Offload Interval,63.588,
Eastern,St. Mary's Memorial Hospital,,2022-06-01,ED Offload Interval,68.3225,
Eastern,St. Mary's Memorial Hospital,,2022-07-01,ED Offload Interval,132.956,
Eastern,St. Mary's Memorial Hospital,,2022-08-01,ED Offload Interval,46.84,
Eastern,St. Mary's Memorial Hospital,,2022-09-01,ED Offload Interval,74.8875,
Eastern,St. Mary's Memorial Hospital,,2022-10-01,ED Offload Interval,62.272,
Eastern,St. Mary's Memorial Hospital,,2022-11-01,ED Offload Interval,73.11333333,
Eastern,St. Mary's Memorial Hospital,,2022-12-01,ED Offload Interval,39.3875,
Eastern,St. Mary's Memorial Hospital,,2023-01-01,ED Offload Interval,59.886,
Eastern,St. Mary's Memorial Hospital,,2023-02-01,ED Offload Interval,77.8075,
Eastern,St. Mary's Memorial Hospital,,2023-03-01,ED Offload Interval,35.76,
Eastern,St. Mary's Memorial Hospital,,2023-04-01,ED Offload Interval,36.56,
Eastern,St. Mary's Memorial Hospital,,2023-05-01,ED Offload Interval,22.9675,
Eastern,St. Mary's Memorial Hospital,,2023-06-01,ED Offload Interval,56.31,
Eastern,St. Mary's Memorial Hospital,,2023-07-01,ED Offload Interval,55.382,
Eastern,St. Mary's Memorial Hospital,,2023-08-01,ED Offload Interval,94.3525,
Eastern,St. Mary's Memorial Hospital,,2023-09-01,ED Offload Interval,58.675,
Eastern,St. Mary's Memorial Hospital,,2023-10-01,ED Offload Interval,101.95,
Eastern,St. Mary's Memorial Hospital,,2023-11-01,ED Offload Interval,92.155,
Eastern,St. Mary's Memorial Hospital,,2023-12-01,ED Offload Interval,92.9425,
Eastern,St. Mary's Memorial Hospital,,2023-12-01,ED Offload Interval,155.42,
Eastern,Strait Richmond Hospital,,2021-04-01,ED Offload Interval,325.8525,
Eastern,Strait Richmond Hospital,,2021-05-01,ED Offload Interval,366.742,
Eastern,Strait Richmond Hospital,,2021-06-01,ED Offload Interval,419.0775,
Eastern,Strait Richmond Hospital,,2021-07-01,ED Offload Interval,321.2925,
Eastern,Strait Richmond Hospital,,2021-08-01,ED Offload Interval,200.015,
Eastern,Strait Richmond Hospital,,2021-09-01,ED Offload Interval,337.6975,
Eastern,Strait Richmond Hospital,,2021-10-01,ED Offload Interval,339.868,
Eastern,Strait Richmond Hospital,,2021-11-01,ED Offload Interval,338.615,
Eastern,Strait Richmond Hospital,,2021-12-01,ED Offload Interval,151.74,
Eastern,Strait Richmond Hospital,,2022-01-01,ED Offload Interval,380.376,
Eastern,Strait Richmond Hospital,,2022-02-01,ED Offload Interval,321.83,
Eastern,Strait Richmond Hospital,,2022-03-01,ED Offload Interval,234.7075,
Eastern,Strait Richmond Hospital,,2022-04-01,ED Offload Interval,268.9675,
Eastern,Strait Richmond Hospital,,2022-05-01,ED Offload Interval,185.518,
Eastern,Strait Richmond Hospital,,2022-06-01,ED Offload Interval,233.645,
Eastern,Strait Richmond Hospital,,2022-07-01,ED Offload Interval,178.018,
Eastern,Strait Richmond Hospital,,2022-08-01,ED Offload Interval,170.325,
Eastern,Strait Richmond Hospital,,2022-09-01,ED Offload Interval,147.235,
Eastern,Strait Richmond Hospital,,2022-10-01,ED Offload Interval,120.682,
Eastern,Strait Richmond Hospital,,2022-11-01,ED Offload Interval,179.91,
Eastern,Strait Richmond Hospital,,2022-12-01,ED Offload Interval,137.88,
Eastern,Strait Richmond Hospital,,2023-01-01,ED Offload Interval,134.304,
Eastern,Strait Richmond Hospital,,2023-02-01,ED Offload Interval,163.0625,
Eastern,Strait Richmond Hospital,,2023-03-01,ED Offload Interval,142.5375,
Eastern,Strait Richmond Hospital,,2023-04-01,ED Offload Interval,180.698,
Eastern,Strait Richmond Hospital,,2023-05-01,ED Offload Interval,287.395,
Eastern,Strait Richmond Hospital,,2023-06-01,ED Offload Interval,211.7675,
Eastern,Strait Richmond Hospital,,2023-07-01,ED Offload Interval,171.604,
Eastern,Strait Richmond Hospital,,2023-08-01,ED Offload Interval,116.7,
Eastern,Strait Richmond Hospital,,2023-09-01,ED Offload Interval,207.105,
Eastern,Strait Richmond Hospital,,2023-10-01,ED Offload Interval,273.666,
Eastern,Strait Richmond Hospital,,2023-11-01,ED Offload Interval,260.1925,
Eastern,Strait Richmond Hospital,,2023-12-01,ED Offload Interval,250.0675,
Eastern,Strait Richmond Hospital,,2023-12-01,ED Offload Interval,223.42,
Eastern,Victoria County Memorial Hospital,,2021-04-01,ED Offload Interval,109.5925,
Eastern,Victoria County Memorial Hospital,,2021-05-01,ED Offload Interval,125.244,
Eastern,Victoria County Memorial Hospital,,2021-06-01,ED Offload Interval,106.325,
Eastern,Victoria County Memorial Hospital,,2021-07-01,ED Offload Interval,172.4625,
Eastern,Victoria County Memorial Hospital,,2021-08-01,ED Offload Interval,127.87,
Eastern,Victoria County Memorial Hospital,,2021-09-01,ED Offload Interval,224.2033333,
Eastern,Victoria County Memorial Hospital,,2021-10-01,ED Offload Interval,94.142,
Eastern,Victoria County Memorial Hospital,,2021-11-01,ED Offload Interval,64.2825,
Eastern,Victoria County Memorial Hospital,,2021-12-01,ED Offload Interval,80.2675,
Eastern,Victoria County Memorial Hospital,,2022-01-01,ED Offload Interval,66.8225,
Eastern,Victoria County Memorial Hospital,,2022-02-01,ED Offload Interval,99.695,
Eastern,Victoria County Memorial Hospital,,2022-03-01,ED Offload Interval,83.2925,
Eastern,Victoria County Memorial Hospital,,2022-04-01,ED Offload Interval,77.075,
Eastern,Victoria County Memorial Hospital,,2022-05-01,ED Offload Interval,93.582,
Eastern,Victoria County Memorial Hospital,,2022-06-01,ED Offload Interval,29.3675,
Eastern,Victoria County Memorial Hospital,,2022-07-01,ED Offload Interval,35.162,
Eastern,Victoria County Memorial Hospital,,2022-08-01,ED Offload Interval,14.63,
Eastern,Victoria County Memorial Hospital,,2022-10-01,ED Offload Interval,4.63,
Eastern,Victoria County Memorial Hospital,,2023-04-01,ED Offload Interval,20.78,
Eastern,Victoria County Memorial Hospital,,2023-06-01,ED Offload Interval,24.75,
Eastern,Victoria County Memorial Hospital,,2023-07-01,ED Offload Interval,27.28,
IWK,IWK Health Centre,,2021-04-01,ED Offload Interval,414.6675,
IWK,IWK Health Centre,,2021-05-01,ED Offload Interval,379.362,
IWK,IWK Health Centre,,2021-06-01,ED Offload Interval,356.6825,
IWK,IWK Health Centre,,2021-07-01,ED Offload Interval,451.8025,
IWK,IWK Health Centre,,2021-08-01,ED Offload Interval,452.828,
IWK,IWK Health Centre,,2021-09-01,ED Offload Interval,677.0575,
IWK,IWK Health Centre,,2021-10-01,ED Offload Interval,427.076,
IWK,IWK Health Centre,,2021-11-01,ED Offload Interval,507.3875,
IWK,IWK Health Centre,,2021-12-01,ED Offload Interval,493.85,
IWK,IWK Health Centre,,2022-01-01,ED Offload Interval,517.342,
IWK,IWK Health Centre,,2022-02-01,ED Offload Interval,487.04,
IWK,IWK Health Centre,,2022-03-01,ED Offload Interval,741.7775,
IWK,IWK Health Centre,,2022-04-01,ED Offload Interval,586.5525,
IWK,IWK Health Centre,,2022-05-01,ED Offload Interval,586.414,
IWK,IWK Health Centre,,2022-06-01,ED Offload Interval,644.7525,
IWK,IWK Health Centre,,2022-07-01,ED Offload Interval,526.338,
IWK,IWK Health Centre,,2022-08-01,ED Offload Interval,464.095,
IWK,IWK Health Centre,,2022-09-01,ED Offload Interval,376.525,
IWK,IWK Health Centre,,2022-10-01,ED Offload Interval,487.838,
IWK,IWK Health Centre,,2022-11-01,ED Offload Interval,805.77,
IWK,IWK Health Centre,,2022-12-01,ED Offload Interval,545.0275,
IWK,IWK Health Centre,,2023-01-01,ED Offload Interval,498.352,
IWK,IWK Health Centre,,2023-02-01,ED Offload Interval,474.74,
IWK,IWK Health Centre,,2023-03-01,ED Offload Interval,548.4425,
IWK,IWK Health Centre,,2023-04-01,ED Offload Interval,381.848,
IWK,IWK Health Centre,,2023-05-01,ED Offload Interval,492.8875,
IWK,IWK Health Centre,,2023-06-01,ED Offload Interval,396.855,
IWK,IWK Health Centre,,2023-07-01,ED Offload Interval,350.174,
IWK,IWK Health Centre,,2023-08-01,ED Offload Interval,337.7375,
IWK,IWK Health Centre,,2023-09-01,ED Offload Interval,394.295,
IWK,IWK Health Centre,,2023-10-01,ED Offload Interval,425.06,
IWK,IWK Health Centre,,2023-11-01,ED Offload Interval,452.185,
IWK,IWK Health Centre,,2023-12-01,ED Offload Interval,414.595,
IWK,IWK Health Centre,,2023-12-01,ED Offload Interval,262.9,
Northern,Aberdeen Hospital,,2021-04-01,ED Offload Interval,1692.655,
Northern,Aberdeen Hospital,,2021-05-01,ED Offload Interval,1457.436,
Northern,Aberdeen Hospital,,2021-06-01,ED Offload Interval,1875.64,
Northern,Aberdeen Hospital,,2021-07-01,ED Offload Interval,1914.5925,
Northern,Aberdeen Hospital,,2021-08-01,ED Offload Interval,2040.868,
Northern,Aberdeen Hospital,,2021-09-01,ED Offload Interval,1840.24,
Northern,Aberdeen Hospital,,2021-10-01,ED Offload Interval,1905.784,
Northern,Aberdeen Hospital,,2021-11-01,ED Offload Interval,1816.51,
Northern,Aberdeen Hospital,,2021-12-01,ED Offload Interval,1651.815,
Northern,Aberdeen Hospital,,2022-01-01,ED Offload Interval,1851.372,
Northern,Aberdeen Hospital,,2022-02-01,ED Offload Interval,1746.1375,
Northern,Aberdeen Hospital,,2022-03-01,ED Offload Interval,2093.26,
Northern,Aberdeen Hospital,,2022-04-01,ED Offload Interval,1920.55,
Northern,Aberdeen Hospital,,2022-05-01,ED Offload Interval,2012.448,
Northern,Aberdeen Hospital,,2022-06-01,ED Offload Interval,1962.595,
Northern,Aberdeen Hospital,,2022-07-01,ED Offload Interval,1789.154,
Northern,Aberdeen Hospital,,2022-08-01,ED Offload Interval,2329.8125,
Northern,Aberdeen Hospital,,2022-09-01,ED Offload Interval,2060.305,
Northern,Aberdeen Hospital,,2022-10-01,ED Offload Interval,2662.746,
Northern,Aberdeen Hospital,,2022-11-01,ED Offload Interval,2205.0025,
Northern,Aberdeen Hospital,,2022-12-01,ED Offload Interval,2169.355,
Northern,Aberdeen Hospital,,2023-01-01,ED Offload Interval,1949.83,
Northern,Aberdeen Hospital,,2023-02-01,ED Offload Interval,1519.645,
Northern,Aberdeen Hospital,,2023-03-01,ED Offload Interval,2271.375,
Northern,Aberdeen Hospital,,2023-04-01,ED Offload Interval,2277.944,
Northern,Aberdeen Hospital,,2023-05-01,ED Offload Interval,2084.25,
Northern,Aberdeen Hospital,,2023-06-01,ED Offload Interval,1868.835,
Northern,Aberdeen Hospital,,2023-07-01,ED Offload Interval,3039.718,
Northern,Aberdeen Hospital,,2023-08-01,ED Offload Interval,2482.795,
Northern,Aberdeen Hospital,,2023-09-01,ED Offload Interval,1893.05,
Northern,Aberdeen Hospital,,2023-10-01,ED Offload Interval,2220.61,
Northern,Aberdeen Hospital,,2023-11-01,ED Offload Interval,3086.4,
Northern,Aberdeen Hospital,,2023-12-01,ED Offload Interval,2669.9425,
Northern,Aberdeen Hospital,,2023-12-01,ED Offload Interval,4213.15,
Northern,All Saints Springhill Hospital,,2021-08-01,ED Offload Interval,4.63,
Northern,All Saints Springhill Hospital,,2021-09-01,ED Offload Interval,11.97,
Northern,All Saints Springhill Hospital,,2021-11-01,ED Offload Interval,5.17,
Northern,All Saints Springhill Hospital,,2022-05-01,ED Offload Interval,26.63666667,
Northern,All Saints Springhill Hospital,,2022-07-01,ED Offload Interval,27.725,
Northern,All Saints Springhill Hospital,,2022-08-01,ED Offload Interval,17.48,
Northern,All Saints Springhill Hospital,,2022-09-01,ED Offload Interval,14.3,
Northern,All Saints Springhill Hospital,,2022-10-01,ED Offload Interval,10.58,
Northern,All Saints Springhill Hospital,,2022-11-01,ED Offload Interval,18.1,
Northern,All Saints Springhill Hospital,,2022-12-01,ED Offload Interval,24.225,
Northern,All Saints Springhill Hospital,,2023-01-01,ED Offload Interval,28.62,
Northern,All Saints Springhill Hospital,,2023-02-01,ED Offload Interval,17.32,
Northern,All Saints Springhill Hospital,,2023-04-01,ED Offload Interval,5.08,
Northern,All Saints Springhill Hospital,,2023-06-01,ED Offload Interval,9.295,
Northern,All Saints Springhill Hospital,,2023-07-01,ED Offload Interval,10.35,
Northern,Colchester East Hants Health Centre,,2021-04-01,ED Offload Interval,5313.22,
Northern,Colchester East Hants Health Centre,,2021-05-01,ED Offload Interval,5842.056,
Northern,Colchester East Hants Health Centre,,2021-06-01,ED Offload Interval,6696.405,
Northern,Colchester East Hants Health Centre,,2021-07-01,ED Offload Interval,9937.01,
Northern,Colchester East Hants Health Centre,,2021-08-01,ED Offload Interval,11359.04,
Northern,Colchester East Hants Health Centre,,2021-09-01,ED Offload Interval,11702.3775,
Northern,Colchester East Hants Health Centre,,2021-10-01,ED Offload Interval,12134.778,
Northern,Colchester East Hants Health Centre,,2021-11-01,ED Offload Interval,9577.79,
Northern,Colchester East Hants Health Centre,,2021-12-01,ED Offload Interval,9595.46,
Northern,Colchester East Hants Health Centre,,2022-01-01,ED Offload Interval,11234.406,
Northern,Colchester East Hants Health Centre,,2022-02-01,ED Offload Interval,15308.075,
Northern,Colchester East Hants Health Centre,,2022-03-01,ED Offload Interval,15728.4825,
Northern,Colchester East Hants Health Centre,,2022-04-01,ED Offload Interval,13492.155,
Northern,Colchester East Hants Health Centre,,2022-05-01,ED Offload Interval,14340.54,
Northern,Colchester East Hants Health Centre,,2022-06-01,ED Offload Interval,12475.035,
Northern,Colchester East Hants Health Centre,,2022-07-01,ED Offload Interval,13748.508,
Northern,Colchester East Hants Health Centre,,2022-08-01,ED Offload Interval,14541.965,
Northern,Colchester East Hants Health Centre,,2022-09-01,ED Offload Interval,13194.0975,
Northern,Colchester East Hants Health Centre,,2022-10-01,ED Offload Interval,12427.986,
Northern,Colchester East Hants Health Centre,,2022-11-01,ED Offload Interval,10016.535,
Northern,Colchester East Hants Health Centre,,2022-12-01,ED Offload Interval,8958.6525,
Northern,Colchester East Hants Health Centre,,2023-01-01,ED Offload Interval,8817.466,
Northern,Colchester East Hants Health Centre,,2023-02-01,ED Offload Interval,8824.9325,
Northern,Colchester East Hants Health Centre,,2023-03-01,ED Offload Interval,10073.245,
Northern,Colchester East Hants Health Centre,,2023-04-01,ED Offload Interval,9734.958,
Northern,Colchester East Hants Health Centre,,2023-05-01,ED Offload Interval,7962.6525,
Northern,Colchester East Hants Health Centre,,2023-06-01,ED Offload Interval,8700.085,
Northern,Colchester East Hants Health Centre,,2023-07-01,ED Offload Interval,11101.842,
Northern,Colchester East Hants Health Centre,,2023-08-01,ED Offload Interval,9295.9525,
Northern,Colchester East Hants Health Centre,,2023-09-01,ED Offload Interval,11175.6975,
Northern,Colchester East Hants Health Centre,,2023-10-01,ED Offload Interval,13089.208,
Northern,Colchester East Hants Health Centre,,2023-11-01,ED Offload Interval,12623.6975,
Northern,Colchester East Hants Health Centre,,2023-12-01,ED Offload Interval,13201.805,
Northern,Colchester East Hants Health Centre,,2023-12-01,ED Offload Interval,14050.63,
Northern,Cumberland Regional Health Care Centre,,2021-04-01,ED Offload Interval,1366.2375,
Northern,Cumberland Regional Health Care Centre,,2021-05-01,ED Offload Interval,1131.768,
Northern,Cumberland Regional Health Care Centre,,2021-06-01,ED Offload Interval,1396.825,
Northern,Cumberland Regional Health Care Centre,,2021-07-01,ED Offload Interval,1458.585,
Northern,Cumberland Regional Health Care Centre,,2021-08-01,ED Offload Interval,1631.84,
Northern,Cumberland Regional Health Care Centre,,2021-09-01,ED Offload Interval,1458.17,
Northern,Cumberland Regional Health Care Centre,,2021-10-01,ED Offload Interval,1741.946,
Northern,Cumberland Regional Health Care Centre,,2021-11-01,ED Offload Interval,1926.155,
Northern,Cumberland Regional Health Care Centre,,2021-12-01,ED Offload Interval,1763.7225,
Northern,Cumberland Regional Health Care Centre,,2022-01-01,ED Offload Interval,2077.944,
Northern,Cumberland Regional Health Care Centre,,2022-02-01,ED Offload Interval,2533.3975,
Northern,Cumberland Regional Health Care Centre,,2022-03-01,ED Offload Interval,3338.815,
Northern,Cumberland Regional Health Care Centre,,2022-04-01,ED Offload Interval,2755.9425,
Northern,Cumberland Regional Health Care Centre,,2022-05-01,ED Offload Interval,4099.88,
Northern,Cumberland Regional Health Care Centre,,2022-06-01,ED Offload Interval,4362.4975,
Northern,Cumberland Regional Health Care Centre,,2022-07-01,ED Offload Interval,4529.496,
Northern,Cumberland Regional Health Care Centre,,2022-08-01,ED Offload Interval,4117.8325,
Northern,Cumberland Regional Health Care Centre,,2022-09-01,ED Offload Interval,4545.14,
Northern,Cumberland Regional Health Care Centre,,2022-10-01,ED Offload Interval,4065.146,
Northern,Cumberland Regional Health Care Centre,,2022-11-01,ED Offload Interval,5892.44,
Northern,Cumberland Regional Health Care Centre,,2022-12-01,ED Offload Interval,6996.7625,
Northern,Cumberland Regional Health Care Centre,,2023-01-01,ED Offload Interval,3813.352,
Northern,Cumberland Regional Health Care Centre,,2023-02-01,ED Offload Interval,2794.4775,
Northern,Cumberland Regional Health Care Centre,,2023-03-01,ED Offload Interval,3264.0075,
Northern,Cumberland Regional Health Care Centre,,2023-04-01,ED Offload Interval,3589.946,
Northern,Cumberland Regional Health Care Centre,,2023-05-01,ED Offload Interval,4264.2725,
Northern,Cumberland Regional Health Care Centre,,2023-06-01,ED Offload Interval,3399.3825,
Northern,Cumberland Regional Health Care Centre,,2023-07-01,ED Offload Interval,4346.86,
Northern,Cumberland Regional Health Care Centre,,2023-08-01,ED Offload Interval,4296.695,
Northern,Cumberland Regional Health Care Centre,,2023-09-01,ED Offload Interval,3790.225,
Northern,Cumberland Regional Health Care Centre,,2023-10-01,ED Offload Interval,5573.16,
Northern,Cumberland Regional Health Care Centre,,2023-11-01,ED Offload Interval,5516.975,
Northern,Cumberland Regional Health Care Centre,,2023-12-01,ED Offload Interval,5655.845,
Northern,Cumberland Regional Health Care Centre,,2023-12-01,ED Offload Interval,4652.72,
Northern,Lillian Fraser Memorial Hospital,,2021-06-01,ED Offload Interval,46.8,
Northern,Lillian Fraser Memorial Hospital,,2021-11-01,ED Offload Interval,25.435,
Northern,Lillian Fraser Memorial Hospital,,2022-07-01,ED Offload Interval,29.35,
Northern,Lillian Fraser Memorial Hospital,,2022-09-01,ED Offload Interval,9.95,
Northern,North Cumberland Memorial Hospital,,2021-04-01,ED Offload Interval,67.63,
Northern,North Cumberland Memorial Hospital,,2021-10-01,ED Offload Interval,13.85,
Northern,North Cumberland Memorial Hospital,,2022-01-01,ED Offload Interval,6.8,
Northern,North Cumberland Memorial Hospital,,2022-04-01,ED Offload Interval,25.18,
Northern,North Cumberland Memorial Hospital,,2022-05-01,ED Offload Interval,17.21,
Northern,North Cumberland Memorial Hospital,,2022-06-01,ED Offload Interval,32.975,
Northern,North Cumberland Memorial Hospital,,2022-07-01,ED Offload Interval,22.34,
Northern,North Cumberland Memorial Hospital,,2022-08-01,ED Offload Interval,15.9,
Northern,North Cumberland Memorial Hospital,,2022-09-01,ED Offload Interval,39.92666667,
Northern,North Cumberland Memorial Hospital,,2022-10-01,ED Offload Interval,8.65,
Northern,North Cumberland Memorial Hospital,,2022-11-01,ED Offload Interval,12.53,
Northern,North Cumberland Memorial Hospital,,2022-12-01,ED Offload Interval,15.135,
Northern,North Cumberland Memorial Hospital,,2023-01-01,ED Offload Interval,191.37,
Northern,North Cumberland Memorial Hospital,,2023-04-01,ED Offload Interval,11.23,
Northern,North Cumberland Memorial Hospital,,2023-06-01,ED Offload Interval,27.87,
Northern,North Cumberland Memorial Hospital,,2023-07-01,ED Offload Interval,11.45,
Northern,North Cumberland Memorial Hospital,,2023-08-01,ED Offload Interval,24.95,
Northern,North Cumberland Memorial Hospital,,2023-09-01,ED Offload Interval,18.07,
Northern,North Cumberland Memorial Hospital,,2023-11-01,ED Offload Interval,17.43,
Northern,South Cumberland Community Care Centre,,2023-05-01,ED Offload Interval,2.03,
Western,Annapolis Community Health Centre,,2021-04-01,ED Offload Interval,21.26333333,
Western,Annapolis Community Health Centre,,2021-05-01,ED Offload Interval,13.58,
Western,Annapolis Community Health Centre,,2021-06-01,ED Offload Interval,71.12,
Western,Annapolis Community Health Centre,,2021-07-01,ED Offload Interval,29.115,
Western,Annapolis Community Health Centre,,2021-08-01,ED Offload Interval,39.934,
Western,Annapolis Community Health Centre,,2021-09-01,ED Offload Interval,43.28,
Western,Annapolis Community Health Centre,,2021-10-01,ED Offload Interval,59.13,
Western,Annapolis Community Health Centre,,2021-11-01,ED Offload Interval,33.78,
Western,Annapolis Community Health Centre,,2021-12-01,ED Offload Interval,62.47,
Western,Annapolis Community Health Centre,,2022-01-01,ED Offload Interval,60.43,
Western,Annapolis Community Health Centre,,2022-02-01,ED Offload Interval,28.1125,
Western,Annapolis Community Health Centre,,2022-03-01,ED Offload Interval,42.9375,
Western,Annapolis Community Health Centre,,2022-04-01,ED Offload Interval,37.54,
Western,Annapolis Community Health Centre,,2022-05-01,ED Offload Interval,31.68,
Western,Annapolis Community Health Centre,,2022-06-01,ED Offload Interval,18.695,
Western,Annapolis Community Health Centre,,2023-01-01,ED Offload Interval,30.68,
Western,Annapolis Community Health Centre,,2023-05-01,ED Offload Interval,31.67,
Western,Annapolis Community Health Centre,,2023-11-01,ED Offload Interval,8.03,
Western,Digby General Hospital,,2021-04-01,ED Offload Interval,420.39,
Western,Digby General Hospital,,2021-05-01,ED Offload Interval,453.538,
Western,Digby General Hospital,,2021-06-01,ED Offload Interval,526.5475,
Western,Digby General Hospital,,2021-07-01,ED Offload Interval,496.6,
Western,Digby General Hospital,,2021-08-01,ED Offload Interval,518.822,
Western,Digby General Hospital,,2021-09-01,ED Offload Interval,414.57,
Western,Digby General Hospital,,2021-10-01,ED Offload Interval,415.174,
Western,Digby General Hospital,,2021-11-01,ED Offload Interval,453.49,
Western,Digby General Hospital,,2021-12-01,ED Offload Interval,282.2075,
Western,Digby General Hospital,,2022-01-01,ED Offload Interval,565.344,
Western,Digby General Hospital,,2022-02-01,ED Offload Interval,446.025,
Western,Digby General Hospital,,2022-03-01,ED Offload Interval,464.27,
Western,Digby General Hospital,,2022-04-01,ED Offload Interval,360.255,
Western,Digby General Hospital,,2022-05-01,ED Offload Interval,733.198,
Western,Digby General Hospital,,2022-06-01,ED Offload Interval,553.5325,
Western,Digby General Hospital,,2022-07-01,ED Offload Interval,728.998,
Western,Digby General Hospital,,2022-08-01,ED Offload Interval,788.2825,
Western,Digby General Hospital,,2022-09-01,ED Offload Interval,926.5975,
Western,Digby General Hospital,,2022-10-01,ED Offload Interval,635.828,
Western,Digby General Hospital,,2022-11-01,ED Offload Interval,744.7175,
Western,Digby General Hospital,,2022-12-01,ED Offload Interval,541.4175,
Western,Digby General Hospital,,2023-01-01,ED Offload Interval,635.654,
Western,Digby General Hospital,,2023-02-01,ED Offload Interval,446.735,
Western,Digby General Hospital,,2023-03-01,ED Offload Interval,611.53,
Western,Digby General Hospital,,2023-04-01,ED Offload Interval,783.518,
Western,Digby General Hospital,,2023-05-01,ED Offload Interval,498.4575,
Western,Digby General Hospital,,2023-06-01,ED Offload Interval,666.595,
Western,Digby General Hospital,,2023-07-01,ED Offload Interval,840.224,
Western,Digby General Hospital,,2023-08-01,ED Offload Interval,508.2,
Western,Digby General Hospital,,2023-09-01,ED Offload Interval,659.125,
Western,Digby General Hospital,,2023-10-01,ED Offload Interval,529.044,
Western,Digby General Hospital,,2023-11-01,ED Offload Interval,732.425,
Western,Digby General Hospital,,2023-12-01,ED Offload Interval,421.31,
Western,Digby General Hospital,,2023-12-01,ED Offload Interval,535.94,
Western,Fishermen's Memorial Hospital,,2021-04-01,ED Offload Interval,168.42,
Western,Fishermen's Memorial Hospital,,2021-05-01,ED Offload Interval,140.93,
Western,Fishermen's Memorial Hospital,,2021-06-01,ED Offload Interval,160.2325,
Western,Fishermen's Memorial Hospital,,2021-07-01,ED Offload Interval,125.64,
Western,Fishermen's Memorial Hospital,,2021-08-01,ED Offload Interval,109.958,
Western,Fishermen's Memorial Hospital,,2021-09-01,ED Offload Interval,137.0725,
Western,Fishermen's Memorial Hospital,,2021-10-01,ED Offload Interval,150.916,
Western,Fishermen's Memorial Hospital,,2021-11-01,ED Offload Interval,182.7575,
Western,Fishermen's Memorial Hospital,,2021-12-01,ED Offload Interval,177.8175,
Western,Fishermen's Memorial Hospital,,2022-01-01,ED Offload Interval,220.66,
Western,Fishermen's Memorial Hospital,,2022-02-01,ED Offload Interval,217.49,
Western,Fishermen's Memorial Hospital,,2022-03-01,ED Offload Interval,254.6066667,
Western,Fishermen's Memorial Hospital,,2022-04-01,ED Offload Interval,149.115,
Western,Fishermen's Memorial Hospital,,2022-05-01,ED Offload Interval,235.394,
Western,Fishermen's Memorial Hospital,,2022-06-01,ED Offload Interval,331.9275,
Western,Fishermen's Memorial Hospital,,2022-07-01,ED Offload Interval,220.33,
Western,Fishermen's Memorial Hospital,,2022-08-01,ED Offload Interval,96.3525,
Western,Fishermen's Memorial Hospital,,2022-09-01,ED Offload Interval,224.645,
Western,Fishermen's Memorial Hospital,,2022-10-01,ED Offload Interval,206.298,
Western,Fishermen's Memorial Hospital,,2022-11-01,ED Offload Interval,389.36,
Western,Fishermen's Memorial Hospital,,2022-12-01,ED Offload Interval,311.945,
Western,Fishermen's Memorial Hospital,,2023-01-01,ED Offload Interval,366.364,
Western,Fishermen's Memorial Hospital,,2023-02-01,ED Offload Interval,75.8975,
Western,Fishermen's Memorial Hospital,,2023-03-01,ED Offload Interval,85.1125,
Western,Fishermen's Memorial Hospital,,2023-04-01,ED Offload Interval,109.09,
Western,Fishermen's Memorial Hospital,,2023-05-01,ED Offload Interval,158.2375,
Western,Fishermen's Memorial Hospital,,2023-06-01,ED Offload Interval,199.525,
Western,Fishermen's Memorial Hospital,,2023-07-01,ED Offload Interval,157.674,
Western,Fishermen's Memorial Hospital,,2023-08-01,ED Offload Interval,206.975,
Western,Fishermen's Memorial Hospital,,2023-09-01,ED Offload Interval,190.6175,
Western,Fishermen's Memorial Hospital,,2023-10-01,ED Offload Interval,146.43,
Western,Fishermen's Memorial Hospital,,2023-11-01,ED Offload Interval,153.5675,
Western,Fishermen's Memorial Hospital,,2023-12-01,ED Offload Interval,134.4,
Western,Fishermen's Memorial Hospital,,2023-12-01,ED Offload Interval,195.13,
Western,Queens General Hospital,,2021-04-01,ED Offload Interval,317.815,
Western,Queens General Hospital,,2021-05-01,ED Offload Interval,342.288,
Western,Queens General Hospital,,2021-06-01,ED Offload Interval,467.2375,
Western,Queens General Hospital,,2021-07-01,ED Offload Interval,485.5275,
Western,Queens General Hospital,,2021-08-01,ED Offload Interval,447.716,
Western,Queens General Hospital,,2021-09-01,ED Offload Interval,499.345,
Western,Queens General Hospital,,2021-10-01,ED Offload Interval,324.264,
Western,Queens General Hospital,,2021-11-01,ED Offload Interval,395.8725,
Western,Queens General Hospital,,2021-12-01,ED Offload Interval,425.2075,
Western,Queens General Hospital,,2022-01-01,ED Offload Interval,429.188,
Western,Queens General Hospital,,2022-02-01,ED Offload Interval,276.7975,
Western,Queens General Hospital,,2022-03-01,ED Offload Interval,399.67,
Western,Queens General Hospital,,2022-04-01,ED Offload Interval,373.6475,
Western,Queens General Hospital,,2022-05-01,ED Offload Interval,335.228,
Western,Queens General Hospital,,2022-06-01,ED Offload Interval,416.1275,
Western,Queens General Hospital,,2022-07-01,ED Offload Interval,337.49,
Western,Queens General Hospital,,2022-08-01,ED Offload Interval,275.45,
Western,Queens General Hospital,,2022-09-01,ED Offload Interval,260.3825,
Western,Queens General Hospital,,2022-10-01,ED Offload Interval,379.216,
Western,Queens General Hospital,,2022-11-01,ED Offload Interval,272.9825,
Western,Queens General Hospital,,2022-12-01,ED Offload Interval,292.195,
Western,Queens General Hospital,,2023-01-01,ED Offload Interval,254.054,
Western,Queens General Hospital,,2023-02-01,ED Offload Interval,333.12,
Western,Queens General Hospital,,2023-03-01,ED Offload Interval,206.01,
Western,Queens General Hospital,,2023-04-01,ED Offload Interval,229.124,
Western,Queens General Hospital,,2023-05-01,ED Offload Interval,403.65,
Western,Queens General Hospital,,2023-06-01,ED Offload Interval,197.93,
Western,Queens General Hospital,,2023-07-01,ED Offload Interval,338.322,
Western,Queens General Hospital,,2023-08-01,ED Offload Interval,237.3025,
Western,Queens General Hospital,,2023-09-01,ED Offload Interval,298.915,
Western,Queens General Hospital,,2023-10-01,ED Offload Interval,342.716,
Western,Queens General Hospital,,2023-11-01,ED Offload Interval,377.05,
Western,Queens General Hospital,,2023-12-01,ED Offload Interval,89.93,
Western,Queens General Hospital,,2023-12-01,ED Offload Interval,331.87,
Western,Roseway Hospital,,2021-04-01,ED Offload Interval,261.485,
Western,Roseway Hospital,,2021-05-01,ED Offload Interval,301.076,
Western,Roseway Hospital,,2021-06-01,ED Offload Interval,298.9425,
Western,Roseway Hospital,,2021-07-01,ED Offload Interval,216.61,
Western,Roseway Hospital,,2021-08-01,ED Offload Interval,119.034,
Western,Roseway Hospital,,2021-09-01,ED Offload Interval,130.1525,
Western,Roseway Hospital,,2021-10-01,ED Offload Interval,128.088,
Western,Roseway Hospital,,2021-11-01,ED Offload Interval,176.7875,
Western,Roseway Hospital,,2021-12-01,ED Offload Interval,236.4425,
Western,Roseway Hospital,,2022-01-01,ED Offload Interval,263.81,
Western,Roseway Hospital,,2022-02-01,ED Offload Interval,233.715,
Western,Roseway Hospital,,2022-03-01,ED Offload Interval,192.5225,
Western,Roseway Hospital,,2022-04-01,ED Offload Interval,273.1125,
Western,Roseway Hospital,,2022-05-01,ED Offload Interval,374.294,
Western,Roseway Hospital,,2022-06-01,ED Offload Interval,139.68,
Western,Roseway Hospital,,2022-07-01,ED Offload Interval,167.408,
Western,Roseway Hospital,,2022-08-01,ED Offload Interval,45.57,
Western,Roseway Hospital,,2022-09-01,ED Offload Interval,213.6125,
Western,Roseway Hospital,,2022-10-01,ED Offload Interval,264.448,
Western,Roseway Hospital,,2022-11-01,ED Offload Interval,333.82,
Western,Roseway Hospital,,2022-12-01,ED Offload Interval,284.4425,
Western,Roseway Hospital,,2023-01-01,ED Offload Interval,280.464,
Western,Roseway Hospital,,2023-02-01,ED Offload Interval,449.785,
Western,Roseway Hospital,,2023-03-01,ED Offload Interval,263.9025,
Western,Roseway Hospital,,2023-04-01,ED Offload Interval,313.832,
Western,Roseway Hospital,,2023-05-01,ED Offload Interval,345.12,
Western,Roseway Hospital,,2023-06-01,ED Offload Interval,300.9375,
Western,Roseway Hospital,,2023-07-01,ED Offload Interval,147.406,
Western,Roseway Hospital,,2023-08-01,ED Offload Interval,180.535,
Western,Roseway Hospital,,2023-09-01,ED Offload Interval,136.8,
Western,Roseway Hospital,,2023-10-01,ED Offload Interval,190.526,
Western,Roseway Hospital,,2023-11-01,ED Offload Interval,227.165,
Western,Roseway Hospital,,2023-12-01,ED Offload Interval,154.17,
Western,Roseway Hospital,,2023-12-01,ED Offload Interval,186.135,
Western,Soldiers' Memorial Hospital,,2021-04-01,ED Offload Interval,583.78,
Western,Soldiers' Memorial Hospital,,2021-05-01,ED Offload Interval,658.574,
Western,Soldiers' Memorial Hospital,,2021-06-01,ED Offload Interval,718.365,
Western,Soldiers' Memorial Hospital,,2021-07-01,ED Offload Interval,711.27,
Western,Soldiers' Memorial Hospital,,2021-08-01,ED Offload Interval,774.768,
Western,Soldiers' Memorial Hospital,,2021-09-01,ED Offload Interval,763.24,
Western,Soldiers' Memorial Hospital,,2021-10-01,ED Offload Interval,708.708,
Western,Soldiers' Memorial Hospital,,2021-11-01,ED Offload Interval,578.4125,
Western,Soldiers' Memorial Hospital,,2021-12-01,ED Offload Interval,713.565,
Western,Soldiers' Memorial Hospital,,2022-01-01,ED Offload Interval,653.936,
Western,Soldiers' Memorial Hospital,,2022-02-01,ED Offload Interval,571.87,
Western,Soldiers' Memorial Hospital,,2022-03-01,ED Offload Interval,491.195,
Western,Soldiers' Memorial Hospital,,2022-04-01,ED Offload Interval,628.4866667,
Western,Soldiers' Memorial Hospital,,2022-05-01,ED Offload Interval,582.955,
Western,Soldiers' Memorial Hospital,,2022-06-01,ED Offload Interval,363.3725,
Western,Soldiers' Memorial Hospital,,2022-07-01,ED Offload Interval,414.808,
Western,Soldiers' Memorial Hospital,,2022-08-01,ED Offload Interval,443.13,
Western,Soldiers' Memorial Hospital,,2022-09-01,ED Offload Interval,394.7325,
Western,Soldiers' Memorial Hospital,,2022-10-01,ED Offload Interval,517.92,
Western,Soldiers' Memorial Hospital,,2022-11-01,ED Offload Interval,505.915,
Western,Soldiers' Memorial Hospital,,2022-12-01,ED Offload Interval,411.4875,
Western,Soldiers' Memorial Hospital,,2023-01-01,ED Offload Interval,13.13,
Western,Soldiers' Memorial Hospital,,2023-05-01,ED Offload Interval,44.35,
Western,Soldiers' Memorial Hospital,,2023-06-01,ED Offload Interval,35.265,
Western,Soldiers' Memorial Hospital,,2023-07-01,ED Offload Interval,46.37,
Western,Soldiers' Memorial Hospital,,2023-09-01,ED Offload Interval,43.1,
Western,Soldiers' Memorial Hospital,,2023-11-01,ED Offload Interval,18.21666667,
Western,Soldiers' Memorial Hospital,,2023-12-01,ED Offload Interval,51.92,
Western,South Shore Regional Hospital,,2021-04-01,ED Offload Interval,3305.5625,
Western,South Shore Regional Hospital,,2021-05-01,ED Offload Interval,2807.63,
Western,South Shore Regional Hospital,,2021-06-01,ED Offload Interval,3896.7125,
Western,South Shore Regional Hospital,,2021-07-01,ED Offload Interval,4780.825,
Western,South Shore Regional Hospital,,2021-08-01,ED Offload Interval,4693.792,
Western,South Shore Regional Hospital,,2021-09-01,ED Offload Interval,4391.9375,
Western,South Shore Regional Hospital,,2021-10-01,ED Offload Interval,5056.858,
Western,South Shore Regional Hospital,,2021-11-01,ED Offload Interval,3414.725,
Western,South Shore Regional Hospital,,2021-12-01,ED Offload Interval,4911.395,
Western,South Shore Regional Hospital,,2022-01-01,ED Offload Interval,4057.666,
Western,South Shore Regional Hospital,,2022-02-01,ED Offload Interval,5192.9425,
Western,South Shore Regional Hospital,,2022-03-01,ED Offload Interval,5101.4275,
Western,South Shore Regional Hospital,,2022-04-01,ED Offload Interval,6252.31,
Western,South Shore Regional Hospital,,2022-05-01,ED Offload Interval,5123.592,
Western,South Shore Regional Hospital,,2022-06-01,ED Offload Interval,4589.74,
Western,South Shore Regional Hospital,,2022-07-01,ED Offload Interval,7611.466,
Western,South Shore Regional Hospital,,2022-08-01,ED Offload Interval,6982.97,
Western,South Shore Regional Hospital,,2022-09-01,ED Offload Interval,8691.685,
Western,South Shore Regional Hospital,,2022-10-01,ED Offload Interval,7887.672,
Western,South Shore Regional Hospital,,2022-11-01,ED Offload Interval,8432.1275,
Western,South Shore Regional Hospital,,2022-12-01,ED Offload Interval,9271.435,
Western,South Shore Regional Hospital,,2023-01-01,ED Offload Interval,7362.234,
Western,South Shore Regional Hospital,,2023-02-01,ED Offload Interval,5061.935,
Western,South Shore Regional Hospital,,2023-03-01,ED Offload Interval,7473.705,
Western,South Shore Regional Hospital,,2023-04-01,ED Offload Interval,6757.044,
Western,South Shore Regional Hospital,,2023-05-01,ED Offload Interval,8220.5825,
Western,South Shore Regional Hospital,,2023-06-01,ED Offload Interval,8388.425,
Western,South Shore Regional Hospital,,2023-07-01,ED Offload Interval,8971.944,
Western,South Shore Regional Hospital,,2023-08-01,ED Offload Interval,8755.1675,
Western,South Shore Regional Hospital,,2023-09-01,ED Offload Interval,8033.3425,
Western,South Shore Regional Hospital,,2023-10-01,ED Offload Interval,10137.336,
Western,South Shore Regional Hospital,,2023-11-01,ED Offload Interval,7810.7725,
Western,South Shore Regional Hospital,,2023-12-01,ED Offload Interval,6784.655,
Western,South Shore Regional Hospital,,2023-12-01,ED Offload Interval,12739.13,
Western,Valley Regional Hospital,,2021-04-01,ED Offload Interval,3093.8725,
Western,Valley Regional Hospital,,2021-05-01,ED Offload Interval,2906.836,
Western,Valley Regional Hospital,,2021-06-01,ED Offload Interval,3265.32,
Western,Valley Regional Hospital,,2021-07-01,ED Offload Interval,3627.5125,
Western,Valley Regional Hospital,,2021-08-01,ED Offload Interval,3739.916,
Western,Valley Regional Hospital,,2021-09-01,ED Offload Interval,4017.045,
Western,Valley Regional Hospital,,2021-10-01,ED Offload Interval,4359.764,
Western,Valley Regional Hospital,,2021-11-01,ED Offload Interval,4266.64,
Western,Valley Regional Hospital,,2021-12-01,ED Offload Interval,4732.02,
Western,Valley Regional Hospital,,2022-01-01,ED Offload Interval,4675.544,
Western,Valley Regional Hospital,,2022-02-01,ED Offload Interval,5746.705,
Western,Valley Regional Hospital,,2022-03-01,ED Offload Interval,6518.455,
Western,Valley Regional Hospital,,2022-04-01,ED Offload Interval,6663.5075,
Western,Valley Regional Hospital,,2022-05-01,ED Offload Interval,7004.938,
Western,Valley Regional Hospital,,2022-06-01,ED Offload Interval,6787.72,
Western,Valley Regional Hospital,,2022-07-01,ED Offload Interval,6838.124,
Western,Valley Regional Hospital,,2022-08-01,ED Offload Interval,7416.245,
Western,Valley Regional Hospital,,2022-09-01,ED Offload Interval,7867.975,
Western,Valley Regional Hospital,,2022-10-01,ED Offload Interval,8699.546,
Western,Valley Regional Hospital,,2022-11-01,ED Offload Interval,11625.1875,
Western,Valley Regional Hospital,,2022-12-01,ED Offload Interval,8695.8825,
Western,Valley Regional Hospital,,2023-01-01,ED Offload Interval,7895.106,
Western,Valley Regional Hospital,,2023-02-01,ED Offload Interval,8752.7275,
Western,Valley Regional Hospital,,2023-03-01,ED Offload Interval,8452.2,
Western,Valley Regional Hospital,,2023-04-01,ED Offload Interval,7458.858,
Western,Valley Regional Hospital,,2023-05-01,ED Offload Interval,6986.19,
Western,Valley Regional Hospital,,2023-06-01,ED Offload Interval,5696.26,
Western,Valley Regional Hospital,,2023-07-01,ED Offload Interval,6748.37,
Western,Valley Regional Hospital,,2023-08-01,ED Offload Interval,9953.15,
Western,Valley Regional Hospital,,2023-09-01,ED Offload Interval,11490.4275,
Western,Valley Regional Hospital,,2023-10-01,ED Offload Interval,11371.844,
Western,Valley Regional Hospital,,2023-11-01,ED Offload Interval,9682.6525,
Western,Valley Regional Hospital,,2023-12-01,ED Offload Interval,13304.77,
Western,Valley Regional Hospital,,2023-12-01,ED Offload Interval,7663.915,
Western,Yarmouth Regional Hospital,,2021-04-01,ED Offload Interval,1626.675,
Western,Yarmouth Regional Hospital,,2021-05-01,ED Offload Interval,1498.19,
Western,Yarmouth Regional Hospital,,2021-06-01,ED Offload Interval,1772.5425,
Western,Yarmouth Regional Hospital,,2021-07-01,ED Offload Interval,1840.0275,
Western,Yarmouth Regional Hospital,,2021-08-01,ED Offload Interval,2814.222,
Western,Yarmouth Regional Hospital,,2021-09-01,ED Offload Interval,2895.62,
Western,Yarmouth Regional Hospital,,2021-10-01,ED Offload Interval,2814.528,
Western,Yarmouth Regional Hospital,,2021-11-01,ED Offload Interval,3179.8775,
Western,Yarmouth Regional Hospital,,2021-12-01,ED Offload Interval,3343.34,
Western,Yarmouth Regional Hospital,,2022-01-01,ED Offload Interval,2934.774,
Western,Yarmouth Regional Hospital,,2022-02-01,ED Offload Interval,2887.44,
Western,Yarmouth Regional Hospital,,2022-03-01,ED Offload Interval,3848.13,
Western,Yarmouth Regional Hospital,,2022-04-01,ED Offload Interval,4993.74,
Western,Yarmouth Regional Hospital,,2022-05-01,ED Offload Interval,3414.02,
Western,Yarmouth Regional Hospital,,2022-06-01,ED Offload Interval,4066.56,
Western,Yarmouth Regional Hospital,,2022-07-01,ED Offload Interval,5884.866,
Western,Yarmouth Regional Hospital,,2022-08-01,ED Offload Interval,7706.445,
Western,Yarmouth Regional Hospital,,2022-09-01,ED Offload Interval,4378.4025,
Western,Yarmouth Regional Hospital,,2022-10-01,ED Offload Interval,5004.332,
Western,Yarmouth Regional Hospital,,2022-11-01,ED Offload Interval,7196.495,
Western,Yarmouth Regional Hospital,,2022-12-01,ED Offload Interval,3643.205,
Western,Yarmouth Regional Hospital,,2023-01-01,ED Offload Interval,4310.774,
Western,Yarmouth Regional Hospital,,2023-02-01,ED Offload Interval,3689.0375,
Western,Yarmouth Regional Hospital,,2023-03-01,ED Offload Interval,4530.3125,
Western,Yarmouth Regional Hospital,,2023-04-01,ED Offload Interval,2510.088,
Western,Yarmouth Regional Hospital,,2023-05-01,ED Offload Interval,2371.7125,
Western,Yarmouth Regional Hospital,,2023-06-01,ED Offload Interval,2306.1325,
Western,Yarmouth Regional Hospital,,2023-07-01,ED Offload Interval,3306.458,
Western,Yarmouth Regional Hospital,,2023-08-01,ED Offload Interval,4021.9925,
Western,Yarmouth Regional Hospital,,2023-09-01,ED Offload Interval,4677.7825,
Western,Yarmouth Regional Hospital,,2023-10-01,ED Offload Interval,4463.36,
Western,Yarmouth Regional Hospital,,2023-11-01,ED Offload Interval,4537.9775,
Western,Yarmouth Regional Hospital,,2023-12-01,ED Offload Interval,3571.485,
Western,Yarmouth Regional Hospital,,2023-12-01,ED Offload Interval,5229.05,
Central,,,2021-03-01,EHS Responses,344,
Central,,,2021-04-01,EHS Responses,3553,
Central,,,2021-05-01,EHS Responses,4805,
Central,,,2021-06-01,EHS Responses,3737,
Central,,,2021-07-01,EHS Responses,3766,
Central,,,2021-08-01,EHS Responses,4656,
Central,,,2021-09-01,EHS Responses,3814,
Central,,,2021-10-01,EHS Responses,4555,
Central,,,2021-11-01,EHS Responses,3754,
Central,,,2021-12-01,EHS Responses,3671,
Central,,,2022-01-01,EHS Responses,4686,
Central,,,2022-02-01,EHS Responses,3808,
Central,,,2022-03-01,EHS Responses,3765,
Central,,,2022-04-01,EHS Responses,3789,
Central,,,2022-05-01,EHS Responses,4835,
Central,,,2022-06-01,EHS Responses,3912,
Central,,,2022-07-01,EHS Responses,5082,
Central,,,2022-08-01,EHS Responses,3790,
Central,,,2022-09-01,EHS Responses,3773,
Central,,,2022-10-01,EHS Responses,4678,
Central,,,2022-11-01,EHS Responses,3640,
Central,,,2022-12-01,EHS Responses,3478,
Central,,,2023-01-01,EHS Responses,4229,
Central,,,2023-02-01,EHS Responses,3475,
Central,,,2023-03-01,EHS Responses,3441,
Central,,,2023-04-01,EHS Responses,4183,
Central,,,2023-05-01,EHS Responses,3471,
Central,,,2023-06-01,EHS Responses,3518,
Central,,,2023-07-01,EHS Responses,4403,
Central,,,2023-08-01,EHS Responses,3628,
Central,,,2023-09-01,EHS Responses,3751,
Central,,,2023-10-01,EHS Responses,4625,
Central,,,2023-11-01,EHS Responses,3647,
Central,,,2023-12-01,EHS Responses,923,
Central,,,2023-12-01,EHS Responses,3569,
Eastern,,,2021-03-01,EHS Responses,154,
Eastern,,,2021-04-01,EHS Responses,1696,
Eastern,,,2021-05-01,EHS Responses,2193,
Eastern,,,2021-06-01,EHS Responses,1739,
Eastern,,,2021-07-01,EHS Responses,1801,
Eastern,,,2021-08-01,EHS Responses,2235,
Eastern,,,2021-09-01,EHS Responses,1769,
Eastern,,,2021-10-01,EHS Responses,2077,
Eastern,,,2021-11-01,EHS Responses,1694,
Eastern,,,2021-12-01,EHS Responses,1724,
Eastern,,,2022-01-01,EHS Responses,2012,
Eastern,,,2022-02-01,EHS Responses,1804,
Eastern,,,2022-03-01,EHS Responses,1807,
Eastern,,,2022-04-01,EHS Responses,1804,
Eastern,,,2022-05-01,EHS Responses,2290,
Eastern,,,2022-06-01,EHS Responses,1750,
Eastern,,,2022-07-01,EHS Responses,2431,
Eastern,,,2022-08-01,EHS Responses,1869,
Eastern,,,2022-09-01,EHS Responses,1939,
Eastern,,,2022-10-01,EHS Responses,2307,
Eastern,,,2022-11-01,EHS Responses,1654,
Eastern,,,2022-12-01,EHS Responses,1642,
Eastern,,,2023-01-01,EHS Responses,1982,
Eastern,,,2023-02-01,EHS Responses,1549,
Eastern,,,2023-03-01,EHS Responses,1547,
Eastern,,,2023-04-01,EHS Responses,2008,
Eastern,,,2023-05-01,EHS Responses,1600,
Eastern,,,2023-06-01,EHS Responses,1662,
Eastern,,,2023-07-01,EHS Responses,2101,
Eastern,,,2023-08-01,EHS Responses,1602,
Eastern,,,2023-09-01,EHS Responses,1613,
Eastern,,,2023-10-01,EHS Responses,2046,
Eastern,,,2023-11-01,EHS Responses,1672,
Eastern,,,2023-12-01,EHS Responses,452,
Eastern,,,2023-12-01,EHS Responses,1697,
Northern,,,2021-03-01,EHS Responses,161,
Northern,,,2021-04-01,EHS Responses,1727,
Northern,,,2021-05-01,EHS Responses,2303,
Northern,,,2021-06-01,EHS Responses,1964,
Northern,,,2021-07-01,EHS Responses,2067,
Northern,,,2021-08-01,EHS Responses,2562,
Northern,,,2021-09-01,EHS Responses,1985,
Northern,,,2021-10-01,EHS Responses,2482,
Northern,,,2021-11-01,EHS Responses,1942,
Northern,,,2021-12-01,EHS Responses,1950,
Northern,,,2022-01-01,EHS Responses,2365,
Northern,,,2022-02-01,EHS Responses,1964,
Northern,,,2022-03-01,EHS Responses,1989,
Northern,,,2022-04-01,EHS Responses,1905,
Northern,,,2022-05-01,EHS Responses,2385,
Northern,,,2022-06-01,EHS Responses,1902,
Northern,,,2022-07-01,EHS Responses,2513,
Northern,,,2022-08-01,EHS Responses,2008,
Northern,,,2022-09-01,EHS Responses,1982,
Northern,,,2022-10-01,EHS Responses,2359,
Northern,,,2022-11-01,EHS Responses,1762,
Northern,,,2022-12-01,EHS Responses,1828,
Northern,,,2023-01-01,EHS Responses,2100,
Northern,,,2023-02-01,EHS Responses,1635,
Northern,,,2023-03-01,EHS Responses,1721,
Northern,,,2023-04-01,EHS Responses,2130,
Northern,,,2023-05-01,EHS Responses,1666,
Northern,,,2023-06-01,EHS Responses,1805,
Northern,,,2023-07-01,EHS Responses,2451,
Northern,,,2023-08-01,EHS Responses,1947,
Northern,,,2023-09-01,EHS Responses,1807,
Northern,,,2023-10-01,EHS Responses,2226,
Northern,,,2023-11-01,EHS Responses,1890,
Northern,,,2023-12-01,EHS Responses,1961,
Northern,,,2023-12-01,EHS Responses,470,
Western,,,2021-03-01,EHS Responses,231,
Western,,,2021-04-01,EHS Responses,2169,
Western,,,2021-05-01,EHS Responses,2794,
Western,,,2021-06-01,EHS Responses,2498,
Western,,,2021-07-01,EHS Responses,2311,
Western,,,2021-08-01,EHS Responses,2748,
Western,,,2021-09-01,EHS Responses,2275,
Western,,,2021-10-01,EHS Responses,2708,
Western,,,2021-11-01,EHS Responses,2155,
Western,,,2021-12-01,EHS Responses,2296,
Western,,,2022-01-01,EHS Responses,2752,
Western,,,2022-02-01,EHS Responses,2299,
Western,,,2022-03-01,EHS Responses,2141,
Western,,,2022-04-01,EHS Responses,2347,
Western,,,2022-05-01,EHS Responses,2881,
Western,,,2022-06-01,EHS Responses,2266,
Western,,,2022-07-01,EHS Responses,3095,
Western,,,2022-08-01,EHS Responses,2302,
Western,,,2022-09-01,EHS Responses,2215,
Western,,,2022-10-01,EHS Responses,2786,
Western,,,2022-11-01,EHS Responses,2319,
Western,,,2022-12-01,EHS Responses,2101,
Western,,,2023-01-01,EHS Responses,2500,
Western,,,2023-02-01,EHS Responses,2099,
Western,,,2023-03-01,EHS Responses,2022,
Western,,,2023-04-01,EHS Responses,2590,
Western,,,2023-05-01,EHS Responses,2161,
Western,,,2023-06-01,EHS Responses,2131,
Western,,,2023-07-01,EHS Responses,2806,
Western,,,2023-08-01,EHS Responses,2162,
Western,,,2023-09-01,EHS Responses,2182,
Western,,,2023-10-01,EHS Responses,2727,
Western,,,2023-11-01,EHS Responses,2076,
Western,,,2023-12-01,EHS Responses,2165,
Western,,,2023-12-01,EHS Responses,563,
Central,,,2021-03-01,EHS Response Times,1285.973333,
Central,,,2021-04-01,EHS Response Times,3624.6325,
Central,,,2021-05-01,EHS Response Times,4371.893333,
Central,,,2021-06-01,EHS Response Times,4416.874167,
Central,,,2021-07-01,EHS Response Times,4930.404167,
Central,,,2021-08-01,EHS Response Times,5439.178,
Central,,,2021-09-01,EHS Response Times,5318.184167,
Central,,,2021-10-01,EHS Response Times,5341.288667,
Central,,,2021-11-01,EHS Response Times,5510.993333,
Central,,,2021-12-01,EHS Response Times,5625.568333,
Central,,,2022-01-01,EHS Response Times,6509.571333,
Central,,,2022-02-01,EHS Response Times,6433.946667,
Central,,,2022-03-01,EHS Response Times,6709.155,
Central,,,2022-04-01,EHS Response Times,6828.603333,
Central,,,2022-05-01,EHS Response Times,6806.038,
Central,,,2022-06-01,EHS Response Times,8222.2375,
Central,,,2022-07-01,EHS Response Times,10749.58933,
Central,,,2022-08-01,EHS Response Times,9887.898333,
Central,,,2022-09-01,EHS Response Times,10391.0075,
Central,,,2022-10-01,EHS Response Times,9878.429333,
Central,,,2022-11-01,EHS Response Times,10446.37917,
Central,,,2022-12-01,EHS Response Times,9333.25,
Central,,,2023-01-01,EHS Response Times,6966.666667,
Central,,,2023-02-01,EHS Response Times,7295.916667,
Central,,,2023-03-01,EHS Response Times,6597.333333,
Central,,,2023-04-01,EHS Response Times,6258.666667,
Central,,,2023-05-01,EHS Response Times,7409.166667,
Central,,,2023-06-01,EHS Response Times,6325.333333,
Central,,,2023-07-01,EHS Response Times,9139.733333,
Central,,,2023-08-01,EHS Response Times,8871.583333,
Central,,,2023-09-01,EHS Response Times,10219.33333,
Central,,,2023-10-01,EHS Response Times,10027.93333,
Central,,,2023-11-01,EHS Response Times,7993.166667,
Central,,,2023-12-01,EHS Response Times,10998.08333,
Central,,,2023-12-01,EHS Response Times,13931.33333,
Eastern,,,2021-03-01,EHS Response Times,504.57,
Eastern,,,2021-04-01,EHS Response Times,1433.6375,
Eastern,,,2021-05-01,EHS Response Times,1519.350667,
Eastern,,,2021-06-01,EHS Response Times,1590.123333,
Eastern,,,2021-07-01,EHS Response Times,1710.580833,
Eastern,,,2021-08-01,EHS Response Times,1812.981333,
Eastern,,,2021-09-01,EHS Response Times,1660.568333,
Eastern,,,2021-10-01,EHS Response Times,1502.799333,
Eastern,,,2021-11-01,EHS Response Times,1446.905833,
Eastern,,,2021-12-01,EHS Response Times,1852.496667,
Eastern,,,2022-01-01,EHS Response Times,1629.336667,
Eastern,,,2022-02-01,EHS Response Times,2062.786667,
Eastern,,,2022-03-01,EHS Response Times,2100.746667,
Eastern,,,2022-04-01,EHS Response Times,2089.696667,
Eastern,,,2022-05-01,EHS Response Times,2063.033333,
Eastern,,,2022-06-01,EHS Response Times,2228.9325,
Eastern,,,2022-07-01,EHS Response Times,2995.112667,
Eastern,,,2022-08-01,EHS Response Times,3049.5925,
Eastern,,,2022-09-01,EHS Response Times,3483.746667,
Eastern,,,2022-10-01,EHS Response Times,2799.566667,
Eastern,,,2022-11-01,EHS Response Times,2410.856667,
Eastern,,,2022-12-01,EHS Response Times,2609.583333,
Eastern,,,2023-01-01,EHS Response Times,2313.266667,
Eastern,,,2023-02-01,EHS Response Times,2321.583333,
Eastern,,,2023-03-01,EHS Response Times,2361,
Eastern,,,2023-04-01,EHS Response Times,2780.733333,
Eastern,,,2023-05-01,EHS Response Times,2714.416667,
Eastern,,,2023-06-01,EHS Response Times,2636.333333,
Eastern,,,2023-07-01,EHS Response Times,3168.066667,
Eastern,,,2023-08-01,EHS Response Times,3035.583333,
Eastern,,,2023-09-01,EHS Response Times,2752.333333,
Eastern,,,2023-10-01,EHS Response Times,2956.733333,
Eastern,,,2023-11-01,EHS Response Times,2872.083333,
Eastern,,,2023-12-01,EHS Response Times,3550.416667,
Eastern,,,2023-12-01,EHS Response Times,3947.333333,
Northern,,,2021-03-01,EHS Response Times,615.6266667,
Northern,,,2021-04-01,EHS Response Times,1885.446667,
Northern,,,2021-05-01,EHS Response Times,2100.246,
Northern,,,2021-06-01,EHS Response Times,2465.989167,
Northern,,,2021-07-01,EHS Response Times,2667.054167,
Northern,,,2021-08-01,EHS Response Times,2789.300667,
Northern,,,2021-09-01,EHS Response Times,2612.578333,
Northern,,,2021-10-01,EHS Response Times,2710.8,
Northern,,,2021-11-01,EHS Response Times,2576.52,
Northern,,,2021-12-01,EHS Response Times,2662.425,
Northern,,,2022-01-01,EHS Response Times,3086.854,
Northern,,,2022-02-01,EHS Response Times,3148.553333,
Northern,,,2022-03-01,EHS Response Times,3245.9375,
Northern,,,2022-04-01,EHS Response Times,2999.525,
Northern,,,2022-05-01,EHS Response Times,3290.043333,
Northern,,,2022-06-01,EHS Response Times,3744.474167,
Northern,,,2022-07-01,EHS Response Times,4704.816667,
Northern,,,2022-08-01,EHS Response Times,4686.9875,
Northern,,,2022-09-01,EHS Response Times,4976.810833,
Northern,,,2022-10-01,EHS Response Times,4148.976,
Northern,,,2022-11-01,EHS Response Times,4232.794167,
Northern,,,2022-12-01,EHS Response Times,4633.333333,
Northern,,,2023-01-01,EHS Response Times,3357.066667,
Northern,,,2023-02-01,EHS Response Times,3092.833333,
Northern,,,2023-03-01,EHS Response Times,3281.583333,
Northern,,,2023-04-01,EHS Response Times,3313.733333,
Northern,,,2023-05-01,EHS Response Times,3608.083333,
Northern,,,2023-06-01,EHS Response Times,4035.333333,
Northern,,,2023-07-01,EHS Response Times,5315.066667,
Northern,,,2023-08-01,EHS Response Times,4921.416667,
Northern,,,2023-09-01,EHS Response Times,4461.25,
Northern,,,2023-10-01,EHS Response Times,4695.266667,
Northern,,,2023-11-01,EHS Response Times,4256,
Northern,,,2023-12-01,EHS Response Times,5084.416667,
Northern,,,2023-12-01,EHS Response Times,5261.666667,
Western,,,2021-03-01,EHS Response Times,948.7466667,
Western,,,2021-04-01,EHS Response Times,2183.14,
Western,,,2021-05-01,EHS Response Times,2537.266,
Western,,,2021-06-01,EHS Response Times,2972.51,
Western,,,2021-07-01,EHS Response Times,2946.419167,
Western,,,2021-08-01,EHS Response Times,3072.332667,
Western,,,2021-09-01,EHS Response Times,2717.1925,
Western,,,2021-10-01,EHS Response Times,2764.588667,
Western,,,2021-11-01,EHS Response Times,2650.030833,
Western,,,2021-12-01,EHS Response Times,3092.765833,
Western,,,2022-01-01,EHS Response Times,3401.489333,
Western,,,2022-02-01,EHS Response Times,3518.4575,
Western,,,2022-03-01,EHS Response Times,3395.3425,
Western,,,2022-04-01,EHS Response Times,3760.294167,
Western,,,2022-05-01,EHS Response Times,3536.035333,
Western,,,2022-06-01,EHS Response Times,4390.125,
Western,,,2022-07-01,EHS Response Times,6071.395333,
Western,,,2022-08-01,EHS Response Times,5395.021667,
Western,,,2022-09-01,EHS Response Times,5096.035,
Western,,,2022-10-01,EHS Response Times,4733.53,
Western,,,2022-11-01,EHS Response Times,5615.685833,
Western,,,2022-12-01,EHS Response Times,4787.833333,
Western,,,2023-01-01,EHS Response Times,3829.2,
Western,,,2023-02-01,EHS Response Times,4455.25,
Western,,,2023-03-01,EHS Response Times,4399.25,
Western,,,2023-04-01,EHS Response Times,4225.066667,
Western,,,2023-05-01,EHS Response Times,5169.333333,
Western,,,2023-06-01,EHS Response Times,4700.916667,
Western,,,2023-07-01,EHS Response Times,6715.6,
Western,,,2023-08-01,EHS Response Times,6167.833333,
Western,,,2023-09-01,EHS Response Times,6312.75,
Western,,,2023-10-01,EHS Response Times,6428.933333,
Western,,,2023-11-01,EHS Response Times,4840.25,
Western,,,2023-12-01,EHS Response Times,6416.916667,
Western,,,2023-12-01,EHS Response Times,7570,
